reason	language_table	sid	zh	old_ko	new_ko
dueum_law_20260505	t_language.xml	100020	泠	령	영
dueum_law_20260505	t_language.xml	100039	吕	려	여
dueum_law_20260505	t_language.xml	100045	廉	렴	염
dueum_law_20260505	t_language.xml	100107	栗	률	율
dueum_law_20260505	t_language.xml	100108	廉	렴	염
dueum_law_20260505	t_language.xml	100109	蔺	린	인
dueum_law_20260505	t_language.xml	100110	苓	령	영
dueum_law_20260505	t_language.xml	100111	龙	룡	용
dueum_law_20260505	t_language.xml	100112	楼	루	누
dueum_law_20260505	t_language.xml	100113	鲁	로	노
dueum_law_20260505	t_language.xml	100114	鹿	록	녹
dueum_law_20260505	t_language.xml	100115	潞	로	노
dueum_law_20260505	t_language.xml	100185	刘	류	유
dueum_law_20260505	t_language.xml	100194	卢	로	노
dueum_law_20260505	t_language.xml	100207	骊	리	이
dueum_law_20260505	t_language.xml	100208	罗	라	나
dueum_law_20260505	t_language.xml	100209	蓝	람	남
dueum_law_20260505	t_language.xml	100212	雷	뢰	뇌
dueum_law_20260505	t_language.xml	100228	栾	란	난
dueum_law_20260505	t_language.xml	100239	路	로	노
dueum_law_20260505	t_language.xml	100241	梁	량	양
dueum_law_20260505	t_language.xml	100252	列	렬	열
dueum_law_20260505	t_language.xml	100268	雒	락	낙
dueum_law_20260505	t_language.xml	100328	陆	륙	육
dueum_law_20260505	t_language.xml	101006	悝	리	이
dueum_law_20260505	t_language.xml	101023	陵	릉	능
dueum_law_20260505	t_language.xml	101033	龙	룡	용
dueum_law_20260505	t_language.xml	101042	罗	라	나
dueum_law_20260505	t_language.xml	101107	厉	려	여
dueum_law_20260505	t_language.xml	101145	龙	룡	용
dueum_law_20260505	t_language.xml	101168	屡	루	누
dueum_law_20260505	t_language.xml	101189	留	류	유
dueum_law_20260505	t_language.xml	101196	釐	리	이
dueum_law_20260505	t_language.xml	101205	缭	료	요
dueum_law_20260505	t_language.xml	101209	龙	룡	용
dueum_law_20260505	t_language.xml	101218	儡	뢰	뇌
dueum_law_20260505	t_language.xml	101390	潞臼	로구	노구
dueum_law_20260505	t_language.xml	101501	兰	란	난
dueum_law_20260505	t_language.xml	101582	临华	림화	임화
dueum_law_20260505	t_language.xml	101832	楼烦战士	루번 전사	누번 전사
dueum_law_20260505	t_language.xml	101833	楼烦战戎卫	루번 전융위	누번 전융위
dueum_law_20260505	t_language.xml	101834	楼烦弓手	루번 궁수	누번 궁수
dueum_law_20260505	t_language.xml	101835	楼烦强弓手	루번 강궁수	누번 강궁수
dueum_law_20260505	t_language.xml	101836	楼烦神射弓手	루번 신사궁수	누번 신사궁수
dueum_law_20260505	t_language.xml	101837	楼烦箭主	루번 전주	누번 전주
dueum_law_20260505	t_language.xml	101838	潞氏战士	로씨 전사	노씨 전사
dueum_law_20260505	t_language.xml	101839	潞氏狂战士	로씨 광전사	노씨 광전사
dueum_law_20260505	t_language.xml	101840	潞氏重盔战士	로씨 중궤전사	노씨 중궤전사
dueum_law_20260505	t_language.xml	101841	潞氏无面	로씨 무면	노씨 무면
dueum_law_20260505	t_language.xml	101842	潞氏弩手	로씨 노수	노씨 노수
dueum_law_20260505	t_language.xml	101843	潞氏连弩手	로씨 연노수	노씨 연노수
dueum_law_20260505	t_language.xml	102109	连	련	연
dueum_law_20260505	t_language.xml	102110	良	량	양
dueum_law_20260505	t_language.xml	102137	梁	량	양
dueum_law_20260505	t_language.xml	102149	巫医-女	무의-녀	무의-여
dueum_law_20260505	t_language.xml	102151	傩师-女	나사-녀	나사-여
dueum_law_20260505	t_language.xml	102155	优伶-女	우령-녀	우령-여
dueum_law_20260505	t_language.xml	102178	宁	녕	영
dueum_law_20260505	t_language.xml	102196	灵	령	영
dueum_law_20260505	t_language.xml	102197	泠	령	영
dueum_law_20260505	t_language.xml	102201	潞氏无面	로씨 무면	노씨 무면
dueum_law_20260505	t_language.xml	102202	潞氏重盔战士	로씨 중궤전사	노씨 중궤전사
dueum_law_20260505	t_language.xml	102203	潞氏狂战士	로씨 광전사	노씨 광전사
dueum_law_20260505	t_language.xml	102204	潞氏战士	로씨 전사	노씨 전사
dueum_law_20260505	t_language.xml	102205	潞氏荒流蚁髅	로씨 황류의루	노씨 황류의루
dueum_law_20260505	t_language.xml	102206	潞氏奔战尹	로씨 분전윤	노씨 분전윤
dueum_law_20260505	t_language.xml	102207	潞氏中阶平民	로씨 중계 평민	노씨 중계 평민
dueum_law_20260505	t_language.xml	102208	潞氏平民	로씨 평민	노씨 평민
dueum_law_20260505	t_language.xml	102209	潞氏弩手	로씨 노수	노씨 노수
dueum_law_20260505	t_language.xml	102210	潞氏连弩手	로씨 연노수	노씨 연노수
dueum_law_20260505	t_language.xml	102219	灵偃	령언	영언
dueum_law_20260505	t_language.xml	102229	连蜷	련권	연권
dueum_law_20260505	t_language.xml	102239	陆离	륙리	육리
dueum_law_20260505	t_language.xml	102242	罗生	라생	나생
dueum_law_20260505	t_language.xml	102244	乐莫	락막	낙막
dueum_law_20260505	t_language.xml	102257	萝	라	나
dueum_law_20260505	t_language.xml	102289	兰旌	란정	난정
dueum_law_20260505	t_language.xml	102320	渌	록	녹
dueum_law_20260505	t_language.xml	102322	睐	래	내
dueum_law_20260505	t_language.xml	102391	累	루	누
dueum_law_20260505	t_language.xml	102421	雷鬼	뢰귀	뇌귀
dueum_law_20260505	t_language.xml	102516	立	립	입
dueum_law_20260505	t_language.xml	102541	灵	령	영
dueum_law_20260505	t_language.xml	102565	兰	란	난
dueum_law_20260505	t_language.xml	102572	绿	록	녹
dueum_law_20260505	t_language.xml	102584	伶	령	영
dueum_law_20260505	t_language.xml	102593	灵	령	영
dueum_law_20260505	t_language.xml	102598	领象	령상	영상
dueum_law_20260505	t_language.xml	102599	鬣首	렵수	엽수
dueum_law_20260505	t_language.xml	102623	连横弟子	련횡 제자	연횡 제자
dueum_law_20260505	t_language.xml	102635	冷	랭	냉
dueum_law_20260505	t_language.xml	102641	苓	령	영
dueum_law_20260505	t_language.xml	102658	练	련	연
dueum_law_20260505	t_language.xml	102664	裂钢玄兕	렬강 현시	열강 현시
dueum_law_20260505	t_language.xml	102676	烈炎赤豹	렬염 적표	열염 적표
dueum_law_20260505	t_language.xml	102687	流沙罴	류사비	유사비
dueum_law_20260505	t_language.xml	102688	流沙罴王	류사비왕	유사비왕
dueum_law_20260505	t_language.xml	104130	旅行速度	려행 속도	여행 속도
dueum_law_20260505	t_language.xml	105013	棱刺剑盾	릉자검방패	능자검방패
dueum_law_20260505	t_language.xml	105047	龙牙虎翼	룡아호익	용아호익
dueum_law_20260505	t_language.xml	105057	裂地	렬지	열지
dueum_law_20260505	t_language.xml	105062	流星	류성	유성
dueum_law_20260505	t_language.xml	105063	狼牙	랑야	낭야
dueum_law_20260505	t_language.xml	105069	雷鸣双锤	뢰명 쌍퇴	뇌명 쌍퇴
dueum_law_20260505	t_language.xml	105083	雷鸣	뢰명	뇌명
dueum_law_20260505	t_language.xml	105087	龙炎	룡염	용염
dueum_law_20260505	t_language.xml	105108	连珠	련주	연주
dueum_law_20260505	t_language.xml	105195	炼铁束	련철속	연철속
dueum_law_20260505	t_language.xml	105235	蓝虞袍	람우포	남우포
dueum_law_20260505	t_language.xml	105320	灵木剑	령목검	영목검
dueum_law_20260505	t_language.xml	105325	雷击木	뢰격목	뇌격목
dueum_law_20260505	t_language.xml	105342	掠地书	략지서	약지서
dueum_law_20260505	t_language.xml	105347	流璇玉	류선옥	유선옥
dueum_law_20260505	t_language.xml	105348	凌霜匣	릉상협	능상협
dueum_law_20260505	t_language.xml	105355	灵龟甲	령구갑	영구갑
dueum_law_20260505	t_language.xml	105385	狼牙棍	랑야봉	낭야봉
dueum_law_20260505	t_language.xml	105397	胡骑猎马	호기 렵마	호기 엽마
dueum_law_20260505	t_language.xml	105400	雪境猎马	설경 렵마	설경 엽마
dueum_law_20260505	t_language.xml	105401	抡语	륜어	윤어
dueum_law_20260505	t_language.xml	105436	虬龙裂甲枪	규룡 렬갑창	규룡 열갑창
dueum_law_20260505	t_language.xml	105442	朱雀连弩	주작 련노	주작 연노
dueum_law_20260505	t_language.xml	105471	列阵甲	렬진갑	열진갑
dueum_law_20260505	t_language.xml	105491	龙鳞甲	룡린갑	용린갑
dueum_law_20260505	t_language.xml	105542	伶人服	령인복	영인복
dueum_law_20260505	t_language.xml	106094	灵芝	령지	영지
dueum_law_20260505	t_language.xml	106118	蓝田玉	람전옥	남전옥
dueum_law_20260505	t_language.xml	106334	灵芝酒	령지주	영지주
dueum_law_20260505	t_language.xml	106336	下品宁血方	하품 녕혈방	하품 영혈방
dueum_law_20260505	t_language.xml	106347	下品乱神毒	하품 란신독	하품 난신독
dueum_law_20260505	t_language.xml	106348	中品宁血方	중품 녕혈방	중품 영혈방
dueum_law_20260505	t_language.xml	106359	中品乱神毒	중품 란신독	중품 난신독
dueum_law_20260505	t_language.xml	106360	上品宁血方	상품 녕혈방	상품 영혈방
dueum_law_20260505	t_language.xml	106371	上品乱神毒	상품 란신독	상품 난신독
dueum_law_20260505	t_language.xml	106374	追风宁觉丹	추풍 녕각단	추풍 영각단
dueum_law_20260505	t_language.xml	106453	耒耜	뢰사	뇌사
dueum_law_20260505	t_language.xml	106526	灵药	령약	영약
dueum_law_20260505	t_language.xml	106528	林木	림목	임목
dueum_law_20260505	t_language.xml	106731	灵芝	령지	영지
dueum_law_20260505	t_language.xml	106817	灵芝酒	령지주	영지주
dueum_law_20260505	t_language.xml	106833	追风宁觉丹	추풍 녕각단	추풍 영각단
dueum_law_20260505	t_language.xml	106874	诗经·鲁颂	시경·로송	시경·노송
dueum_law_20260505	t_language.xml	106880	礼记·曲礼	례기·곡례	예기·곡례
dueum_law_20260505	t_language.xml	106881	礼记·大学	례기·대학	예기·대학
dueum_law_20260505	t_language.xml	106882	礼记·中庸	례기·중용	예기·중용
dueum_law_20260505	t_language.xml	106886	论语·学而	론어·학이	논어·학이
dueum_law_20260505	t_language.xml	106887	论语·为政	론어·위정	논어·위정
dueum_law_20260505	t_language.xml	106888	论语·八佾	론어·팔일	논어·팔일
dueum_law_20260505	t_language.xml	106889	论语·里仁	논어·리인	논어·이인
dueum_law_20260505	t_language.xml	106890	论语·公冶长	론어·공야장	논어·공야장
dueum_law_20260505	t_language.xml	106891	论语·雍也	론어·옹야	논어·옹야
dueum_law_20260505	t_language.xml	106892	论语·述而	론어·술이	논어·술이
dueum_law_20260505	t_language.xml	106893	论语·泰伯	론어·태백	논어·태백
dueum_law_20260505	t_language.xml	106894	论语·子罕	론어·자한	논어·자한
dueum_law_20260505	t_language.xml	106895	论语·乡党	론어·향당	논어·향당
dueum_law_20260505	t_language.xml	106896	论语·先进	론어·선진	논어·선진
dueum_law_20260505	t_language.xml	106897	论语·颜渊	론어·안연	논어·안연
dueum_law_20260505	t_language.xml	106898	论语·子路	론어·자로	논어·자로
dueum_law_20260505	t_language.xml	106899	论语·宪问	론어·헌문	논어·헌문
dueum_law_20260505	t_language.xml	106900	论语·卫灵公	론어·위령공	논어·위령공
dueum_law_20260505	t_language.xml	106901	论语·季氏	론어·계씨	논어·계씨
dueum_law_20260505	t_language.xml	106902	论语·阳货	론어·양화	논어·양화
dueum_law_20260505	t_language.xml	106903	论语·微子	론어·미자	논어·미자
dueum_law_20260505	t_language.xml	106904	论语·子张	론어·자장	논어·자장
dueum_law_20260505	t_language.xml	106905	论语·尧曰	론어·요왈	논어·요왈
dueum_law_20260505	t_language.xml	106906	孟子·梁惠王	맹자·량혜왕	맹자·양혜왕
dueum_law_20260505	t_language.xml	106909	孟子·离娄	맹자·리루	맹자·이루
dueum_law_20260505	t_language.xml	106949	墨子·鲁问	묵자·로문	묵자·노문
dueum_law_20260505	t_language.xml	106958	列子·天瑞	렬자·천서	열자·천서
dueum_law_20260505	t_language.xml	106959	列子·黄帝	렬자·황제	열자·황제
dueum_law_20260505	t_language.xml	106960	列子·周穆王	렬자·주목왕	열자·주목왕
dueum_law_20260505	t_language.xml	106961	列子·仲尼	렬자·중니	열자·중니
dueum_law_20260505	t_language.xml	106962	列子·汤问	렬자·탕문	열자·탕문
dueum_law_20260505	t_language.xml	106963	列子·力命	열자·력명	열자·역명
dueum_law_20260505	t_language.xml	106964	列子·杨朱	렬자·양주	열자·양주
dueum_law_20260505	t_language.xml	106965	列子·说符	렬자·설부	열자·설부
dueum_law_20260505	t_language.xml	106976	商君书·立本	상군서·립본	상군서·입본
dueum_law_20260505	t_language.xml	106980	商君书·徕民	상군서·래민	상군서·내민
dueum_law_20260505	t_language.xml	106990	六韬·豹	륙도·표	육도·표
dueum_law_20260505	t_language.xml	106991	六韬·犬	륙도·견	육도·견
dueum_law_20260505	t_language.xml	106992	六韬·龙	육도·룡	육도·용
dueum_law_20260505	t_language.xml	106993	六韬·虎	륙도·호	육도·호
dueum_law_20260505	t_language.xml	106994	六韬·文	륙도·문	육도·문
dueum_law_20260505	t_language.xml	106995	六韬·武	륙도·무	육도·무
dueum_law_20260505	t_language.xml	107018	吴子·料敌	오자·료적	오자·요적
dueum_law_20260505	t_language.xml	107020	吴子·论将	오자·론장	오자·논장
dueum_law_20260505	t_language.xml	107022	吴子·励士	오자·려사	오자·여사
dueum_law_20260505	t_language.xml	107030	尉缭子·令法	위료자·령법	위료자·영법
dueum_law_20260505	t_language.xml	107053	黄帝内经·灵枢	황제내경·령추	황제내경·영추
dueum_law_20260505	t_language.xml	107441	灵药	령약	영약
dueum_law_20260505	t_language.xml	107443	林木	림목	임목
dueum_law_20260505	t_language.xml	107460	灵丹	령단	영단
dueum_law_20260505	t_language.xml	109597	掠火	략화	약화
dueum_law_20260505	t_language.xml	109600	砺兵	려병	여병
dueum_law_20260505	t_language.xml	109603	敛石	렴석	염석
dueum_law_20260505	t_language.xml	109657	领悟	령오	영오
dueum_law_20260505	t_language.xml	109685	励贾	려가	여가
dueum_law_20260505	t_language.xml	109733	吏治	리치	이치
dueum_law_20260505	t_language.xml	109762	落子	락자	낙자
dueum_law_20260505	t_language.xml	109772	利刃	리인	이인
dueum_law_20260505	t_language.xml	113770	利刃	리인	이인
dueum_law_20260505	t_language.xml	113844	乱神毒	란신독	난신독
dueum_law_20260505	t_language.xml	113847	乱神（强毒）	란신(강독)	난신(강독)
dueum_law_20260505	t_language.xml	113850	乱神（剧毒）	란신(극독)	난신(극독)
dueum_law_20260505	t_language.xml	122542	立志成为村落中小有名气的猎户，带领家人以狩猎为生计。	마을에서 이름난 렵호가 되어 가족을 이끌고 사냥을 생업으로 삼기로 뜻을 세웁니다.	마을에서 이름난 엽호가 되어 가족을 이끌고 사냥을 생업으로 삼기로 뜻을 세웁니다.
dueum_law_20260505	t_language.xml	128008	论道难度	론도 난이도	논도 난이도
dueum_law_20260505	t_language.xml	201085	潞县	로현	노현
dueum_law_20260505	t_language.xml	201208	庐陵	로릉	노릉
dueum_law_20260505	t_language.xml	201480	潞氏城池	로씨성지	노씨성지
dueum_law_20260505	t_language.xml	202037	潞氏	로씨	노씨
dueum_law_20260505	t_language.xml	208016	林木	림목	임목
dueum_law_20260505	t_language.xml	217078	雪境猎熊者	설경 렵웅자	설경 엽웅자
dueum_law_20260505	t_language.xml	218530	论道大会祭酒	론도대회 제주	논도대회 제주
dueum_law_20260505	t_language.xml	218659	莱菔	래복	내복
dueum_law_20260505	t_language.xml	306291	耒耜	뢰사	뇌사
dueum_law_20260505	t_language.xml	306509	以陶土、砂石按器物形制制成的模具，又称泥范，可批量制作制式统一的器物。	도토와 사석을 기물의 형태에 맞춰 만든 틀로 니범이라고도 한다. 규격이 통일된 기물을 대량으로 제작할 수 있다.	도토와 사석을 기물의 형태에 맞춰 만든 틀로 이범이라고도 한다. 규격이 통일된 기물을 대량으로 제작할 수 있다.
dueum_law_20260505	t_language.xml	307031	砾石刻武卒阵势纹兵符，魏国军伍制式凭信，为军中调训本国土卒专属信物，可整训魏国军队，强化阵战，提升士卒。	력석으로 새긴 무졸진세문 병부로, 위나라 군대의 정식 증표이며 본국 병사를 훈련하기 위한 전용 신물이다. 위나라 군대를 정돈하고 진법 전투를 강화하여 병사를 승급시킬 수 있다.	역석으로 새긴 무졸진세문 병부로, 위나라 군대의 정식 증표이며 본국 병사를 훈련하기 위한 전용 신물이다. 위나라 군대를 정돈하고 진법 전투를 강화하여 병사를 승급시킬 수 있다.
dueum_law_20260505	t_language.xml	316023	伶	령	영
dueum_law_20260505	t_language.xml	318259	桐山赤金合鸾羽，古法锻为仪仗长戈。\n戈身刻青鸾纹，勾斩破甲，见则安宁。	통산적금과 란우를 합쳐 고법으로 의장장과를 단조했습니다.\n창 몸체에 청란 무늬가 새겨져 있으며, 걸어 베어 파갑니 이를 보면 평안해집니다.	통산적금과 난우를 합쳐 고법으로 의장장과를 단조했습니다.\n창 몸체에 청란 무늬가 새겨져 있으며, 걸어 베어 파갑니 이를 보면 평안해집니다.
dueum_law_20260505	t_language.xml	318266	江南铸师取百年柘木，合鸾羽制凤羽弓。\n弓含瑞气，百步穿杨，发矢如凤舞九天。	강남의 주조사가 백년 저목을 취해 란우와 합쳐 봉우궁을 제작했습니다.\n활에 상서로운 기운이 서려 있어 백 보 밖의 버드나무를 꿰뚫으며, 화살을 쏘면 마치 봉황이 구만리 상공에서 춤추는 듯합니다.	강남의 주조사가 백년 저목을 취해 난우와 합쳐 봉우궁을 제작했습니다.\n활에 상서로운 기운이 서려 있어 백 보 밖의 버드나무를 꿰뚫으며, 화살을 쏘면 마치 봉황이 구만리 상공에서 춤추는 듯합니다.
dueum_law_20260505	t_language.xml	318282	北地胡部熔精铁，古法锻为猎战佩刀。\n劈斩皆利，随身便携，牧猎战三用。	북지 호부에서 정철을 녹여 고법으로 렵전패도를 단조했습니다.\n베고 가르는 것이 모두 날카롭고 휴대가 간편하여, 유목·사냥·전투 세 용도로 쓰입니다.	북지 호부에서 정철을 녹여 고법으로 엽전패도를 단조했습니다.\n베고 가르는 것이 모두 날카롭고 휴대가 간편하여, 유목·사냥·전투 세 용도로 쓰입니다.
dueum_law_20260505	t_language.xml	318430	葛麻混兽皮制成的短褐，短身束腿，腰间挂药囊、耒耜挂饰，衣身染百草痕迹，形制质朴厚重，带着生养万物的温润之气。	칡베와 짐승 가죽을 섞어 만든 단갈로, 상의가 짧고 다리를 조였습니다. 허리에 약주머니와 뢰사 장식을 찼으며 옷에 온갖 풀의 흔적이 배어 있어, 형태가 소박하고 묵직하며 만물을 길러내는 온화한 기운을 담고 있습니다.	칡베와 짐승 가죽을 섞어 만든 단갈로, 상의가 짧고 다리를 조였습니다. 허리에 약주머니와 뇌사 장식을 찼으며 옷에 온갖 풀의 흔적이 배어 있어, 형태가 소박하고 묵직하며 만물을 길러내는 온화한 기운을 담고 있습니다.
dueum_law_20260505	t_language.xml	318446	农家弟子专属装束，粗麻短褐，束腰绑腿，面料厚实耐磨，腰间挂耒耜模型、种子囊、农书简牍，形制与农夫装束相近。	농가 제자 전용 복장으로, 거친 삼베 단갈에 허리를 묶고 행전을 쳤습니다. 원단이 두껍고 마찰에 강하며 허리에 뢰사 모형, 씨앗 주머니, 농서 죽간을 차니 형태가 농부의 복장과 비슷합니다.	농가 제자 전용 복장으로, 거친 삼베 단갈에 허리를 묶고 행전을 쳤습니다. 원단이 두껍고 마찰에 강하며 허리에 뇌사 모형, 씨앗 주머니, 농서 죽간을 차니 형태가 농부의 복장과 비슷합니다.
dueum_law_20260505	t_language.xml	318471	农家弟子专属装束，粗麻短褐，束腰绑腿，面料厚实耐磨，腰间挂耒耜模型、种子囊、农书简牍，形制与农夫装束相近。	농가 제자 전용 복장으로, 거친 삼베 단갈에 허리를 묶고 행전을 쳤습니다. 원단이 두껍고 마찰에 강하며 허리에 뢰사 모형, 씨앗 주머니, 농서 죽간을 차니 형태가 농부의 복장과 비슷합니다.	농가 제자 전용 복장으로, 거친 삼베 단갈에 허리를 묶고 행전을 쳤습니다. 원단이 두껍고 마찰에 강하며 허리에 뇌사 모형, 씨앗 주머니, 농서 죽간을 차니 형태가 농부의 복장과 비슷합니다.
dueum_law_20260505	t_language.xml	401016	古之潞氏旧都，为华夏所征，现已分属上党，其境幽洋，物产丰沛，风水两佳，实为宝地。	옛 로씨의 옛 도읍으로 화하에 정벌되었으며, 현재는 상당에 속해 있습니다. 그 경계가 그윽하고 넓으며 물산이 풍부하고 풍수지리가 좋아 실로 보배로운 땅입니다.	옛 노씨의 옛 도읍으로 화하에 정벌되었으며, 현재는 상당에 속해 있습니다. 그 경계가 그윽하고 넓으며 물산이 풍부하고 풍수지리가 좋아 실로 보배로운 땅입니다.
dueum_law_20260505	t_language.xml	401025	百年前自从潞氏涉足于佣兵之列，其声名已扬于九州。但好景不长，潞氏族人终究因为它的强大而被围剿。尽管城寨已残破不堪，但潞氏已难以停止奔波。	백 연 전 노씨가 용병의 대열에 발을 들인 이후 그 명성이 구주에 드높았습니다. 그러나 좋은 시절은 오래가지 않았고, 노씨 일족은 결국 그 강력함 때문에 포위 공격을 당했습니다. 비록 성채는 파손되어 형편없지만, 로씨는 이미 분주함을 멈추기 어렵게 되었습니다.	백 연 전 노씨가 용병의 대열에 발을 들인 이후 그 명성이 구주에 드높았습니다. 그러나 좋은 시절은 오래가지 않았고, 노씨 일족은 결국 그 강력함 때문에 포위 공격을 당했습니다. 비록 성채는 파손되어 형편없지만, 노씨는 이미 분주함을 멈추기 어렵게 되었습니다.
dueum_law_20260505	t_language.xml	505066	鳞甲	린갑	인갑
dueum_law_20260505	t_language.xml	514210	耒耜	뢰사	뇌사
dueum_law_20260505	t_language.xml	523213	帮助楼烦	루번 돕기	누번 돕기
dueum_law_20260505	t_language.xml	523214	帮助潞氏	로씨 돕기	노씨 돕기
dueum_law_20260505	t_language.xml	523582	获得理念 &lt;link=5_69211 &gt; &lt;color=#005AE1 &gt;落子 &lt;/color &gt; &lt;/link &gt;	이념 &lt;link=5_69211 &gt; &lt;color=#005AE1 &gt;락자 &lt;/color &gt; &lt;/link &gt; 획득	이념 &lt;link=5_69211 &gt; &lt;color=#005AE1 &gt;낙자 &lt;/color &gt; &lt;/link &gt; 획득
dueum_law_20260505	t_language.xml	523588	获得理念 &lt;link=5_65103 &gt; &lt;color=#005AE1 &gt;掠火 &lt;/color &gt; &lt;/link &gt;	이념 &lt;link=5_65103 &gt; &lt;color=#005AE1 &gt;략화 &lt;/color &gt; &lt;/link &gt; 획득	이념 &lt;link=5_65103 &gt; &lt;color=#005AE1 &gt;약화 &lt;/color &gt; &lt;/link &gt; 획득
dueum_law_20260505	t_language.xml	539014	举办论道大会	론도 대회 개최	논도 대회 개최
dueum_law_20260505	t_language.xml	539015	找人论道	론도 상대 찾기	논도 상대 찾기
dueum_law_20260505	t_language.xml	539201	消耗府库资源，举办论道大会，可选拔前几名英雄成为当地官员	부고 자원을 소모하여 론도 대회를 개최합니다. 상위 영웅들을 현지 관리로 선발할 수 있습니다.	부고 자원을 소모하여 논도 대회를 개최합니다. 상위 영웅들을 현지 관리로 선발할 수 있습니다.
dueum_law_20260505	t_language.xml	539202	查看当前地点内所有可进行论道的英雄	현재 장소에서 론도가 가능한 모든 영웅을 확인합니다.	현재 장소에서 논도가 가능한 모든 영웅을 확인합니다.
dueum_law_20260505	t_language.xml	614119	林木	림목	임목
dueum_law_20260505	t_language.xml	614125	林木	림목	임목
dueum_law_20260505	t_language.xml	614133	灵药	령약	영약
dueum_law_20260505	t_language.xml	641010	梁木	량목	양목
dueum_law_20260505	t_language.xml	641011	灵芝	령지	영지
dueum_law_20260505	t_language.xml	643084	城墙地形，仅能通过楼梯或云梯进入，或攻破附带城门的城墙后通过。城墙上的部队可对相邻地形的敌人进行守城攻击，无法被水淹\n部队人数上限：1000	성벽 지형, 루제나 운제를 통해서만 진입할 수 있으며, 혹은 성문이 부착된 성벽을 격파한 후 통과할 수 있다. 성벽 위의 부대는 인접 지형의 적에게 수성 공격을 가할 수 있으며, 수몰될 수 없다\n부대 인원 상한：1000	성벽 지형, 누제나 운제를 통해서만 진입할 수 있으며, 혹은 성문이 부착된 성벽을 격파한 후 통과할 수 있다. 성벽 위의 부대는 인접 지형의 적에게 수성 공격을 가할 수 있으며, 수몰될 수 없다\n부대 인원 상한：1000
dueum_law_20260505	t_language.xml	643090	阶梯	루제	누제
dueum_law_20260505	t_language.xml	646115	力不从心	력불종심	역불종심
dueum_law_20260505	t_language.xml	700289	《管子》·立政	《관자》·립정	《관자》·입정
dueum_law_20260505	t_language.xml	700620	虑能防于未然	려능방어미연	여능방어미연
dueum_law_20260505	t_language.xml	700648	量天下之权	량천하지권	양천하지권
dueum_law_20260505	t_language.xml	700696	虑深远则计谋成	려심원즉계모성	여심원즉계모성
dueum_law_20260505	t_language.xml	700747	旅而无所容	려이무소용	여이무소용
dueum_law_20260505	t_language.xml	800442	论道难度	론도 난이도	논도 난이도
dueum_law_20260505	t_language.xml	801340	潞氏作为蚩尤的先遣兵，战力在蚩尤的一众拥趸中数一数二。在九黎战败后，潞氏继续回到狩猎为生的游猎生活。百年来，潞氏常年作为人类的雇佣兵，胜多输少，待价而沽，这反而遭到了反噬。各国在默契之下，纷纷开始围剿潞氏。\n\n潞氏战士擅长适用双锤\n\n潞氏族人在冀州聚居。	노씨는 치우의 선견 부대로서 전투력이 치우의 여러 추종자 중 첫손에 꼽혔습니다. 구리가 패배한 후 노씨는 다시 사냥으로 생계를 잇는 유랑 생활로 돌아갔습니다. 백 연 동안 노씨는 인간의 용병으로 활동하며 승리가 많고 패배가 적었으며, 값을 따져가며 고용되었는데 이것이 오히려 화근이 되었습니다. 각국은 묵계 하에 노씨를 토벌하기 시작했습니다.\n\n노씨 전사는 쌍추를 사용하는 데 능합니다\n\n로씨 족인들은 기주에 집단 거주합니다.	노씨는 치우의 선견 부대로서 전투력이 치우의 여러 추종자 중 첫손에 꼽혔습니다. 구리가 패배한 후 노씨는 다시 사냥으로 생계를 잇는 유랑 생활로 돌아갔습니다. 백 연 동안 노씨는 인간의 용병으로 활동하며 승리가 많고 패배가 적었으며, 값을 따져가며 고용되었는데 이것이 오히려 화근이 되었습니다. 각국은 묵계 하에 노씨를 토벌하기 시작했습니다.\n\n노씨 전사는 쌍추를 사용하는 데 능합니다\n\n노씨 족인들은 기주에 집단 거주합니다.
dueum_law_20260505	t_language.xml	815144	找人论道	론도 상대 찾기	논도 상대 찾기
dueum_law_20260505	t_language.xml	816144	找人论道	론도 상대 찾기	논도 상대 찾기
dueum_law_20260505	t_language.xml	821054	 &lt;size=28 &gt;【镇护九州】 &lt;/size &gt;\n在上古之战后，龙族成为了华夏大地的治理者，同时，愿意化作人类形态的族群得到了龙族的庇护，获得了大量神灵传授的知识，从而发展壮大。而后，一部分化作人形态的龙族与其他物种一起共同建立了第一个王朝——夏。\n虬龙禹在平息蚩尤信徒制造的水患中立下大功，被公推为王朝的领袖，禹根据不同的地理环境，将华夏大地划分九州。在后世中，不同的政权虽然设定不同的区域划分，但九州的地貌格局基本没有变化。\n虽然九州并非全部都受到夏王朝掌控，但为了华夏文明受到大地之外的因素影响，黄龙帮助禹铸造了九鼎，九鼎聚集了所有剩余的炎黄灵气，能够镇守华夏大地不被外地入侵。\n而禹的姒姓后代传承者对于夏王朝的统治，也得到了强大的力量，但作为王者肆意的运用这来自神灵的强大力量，成为了隐藏在王朝中的危机。\n\n &lt;size=28 &gt;【龙族衰落】 &lt;/size &gt;\n癸是禹的后嗣，拥有着比所有先祖都要最强大的灵气，但他却有着非常暴躁的性格。\n这点被混沌所看中，暗中用自己的灵气让癸变得更强，却也放大了他性格的缺陷，癸更加轻视其他族群，对不服从的方国进行征伐。\n对力量的执迷和暴虐的性格严重违背了炎黄的思想，于是玄鸟族的首领履获得了黄龙的指引，率领反对癸的方国开始与夏王朝的军队作战。\n\n &lt;size=28 &gt;【玄鸟之兴】 &lt;/size &gt;\n履击败了癸，终结了虬龙一族的统治，为了平衡各方势力，黄龙帮助履建立了一个由玄鸟族统治的新王朝——商。\n履被后世称为商汤，他是遵循炎黄的思路，力求在华夏大陆建立一个各族群平等生活的秩序。\n于是他不仅没有杀戮将夏王朝的族群，还给予足够的优待，同时也提高了各个族群的地位。\n玄鸟族并非整个鸟族最强大的势力，作为百鸟之尊的凤凰族在南方管理者百鸟之国，他们并不愿意承认借助黄龙之力取代夏王朝的玄鸟族。因此，包括百鸟国在内的南方诸多族群被称之为蛮族。而随后的岁月变迁中，高傲的凤凰族也一直没有臣服过商王朝。\n\n &lt;size=28 &gt;【诸族崛起】 &lt;/size &gt;\n受曾经是玄鸟族中最被看好的王，人们称他为帝辛。他拥有强大的智慧，善于用兵打仗，领军击败了平地了东部区域，让诸多异族归服于商王朝。\n成功让帝辛逐渐迷失了自我，混沌这一次利用了他的高傲。商王朝的统治者逐渐变得刚愎自用，对反对他的臣民施以重刑，原本平等的商王朝因为帝辛的残忍高傲开始分崩离。\n西面的姬姓麒麟族首领是西伯侯昌，受到了周边众多的诸侯拥护，连南方反对商王朝的凤凰族也派使者前去拜会。很快天下大半的诸侯都归附于西伯侯。\n昌的儿子发继位后，得到了在鲲鹏族姜尚的支持，开始了讨伐帝辛的战争。\n商王朝最终土崩瓦解，一个全新的王朝诞生了，这个又拥有黄龙族血统的麒麟族统治的王朝叫做周。\n同时麒麟族和其他对王朝有着重大贡献的各类族群被分封到王朝统治范围内的诸多地区，形成了以天子为中心，围绕着王朝的诸侯国。\n\n &lt;size=28 &gt;【九鼎碎裂】 &lt;/size &gt;\n周王朝的强盛极大的加强了炎黄思想的传播，混沌这次感到了棘手，他这一次联合了穷奇和梼杌，从不同的方向来瓦解王朝。\n混沌同样擅长利用欲望控制人心，即便麒麟族的内心十分强大，也会出现某些错误的判断，引起一些王朝的动荡；穷奇着潜伏在诸侯国之中，不断挑起他们对天子的不满；最后是善于杀戮的梼杌，他在西面本就信仰蚩尤的族群中传播着对周王朝的仇恨。\n所有的因果最终发酵，天子犯下错误，诸侯越发不满，叛乱者联合西戎将周王朝的王权一举击碎。\n而后周王朝往东迁移，重新建立了都城，但此时诸侯早已不愿再臣服，整个王朝进入了衰落时期。\n\n周王姬延继承王位后，自觉周室势力微弱，岌岌可危，决定利用镇守九州灵气稳定的九鼎之力重振王朝统治。然而此举被上古凶兽混沌所利用，华夏族即将面临翻天覆地的危难。\n齐王因齐凭借稷下学宫诸子之才智最先察觉异样，他召集七王会于洛邑，一番争论后，七人决定放下过往纷争，以君王之命格和先祖之神力对抗上古凶兽。\n最终七王灵气耗尽，秦王荡以肉体承受九鼎之力，力竭而亡。而九鼎也未能保全，碎裂成为万千碎片。\n秦国新王赢稷一怒之下兴兵问罪周室，迫使姬延让出洛邑之地，退居于巩，周王朝至此名存实亡。\n而九鼎碎片散布于九州天地万物之间，其蕴含的力量，将决定乱世的走向。\n	&lt;size=28 &gt;【진호구주】 &lt;/size &gt;\n상고지전 이후 용족은 화하 대지의 통치자가 되었습니다. 동시에 인간의 형태로 변하기를 원했던 종족들은 용족의 비호를 받으며 신령들이 전수한 방대한 지식을 습득하여 번성했습니다. 이후 인간의 형태로 변한 일부 용족은 다른 종들과 함께 최초의 왕조인 하를 건립했습니다.\n규룡 우는 치우의 신도들이 일으킨 수해를 진압하는 데 큰 공을 세워 왕조의 우두머리로 추대되었습니다. 우는 서로 다른 지리적 환경에 따라 화하 대지를 구주로 나누었습니다. 후세에 서로 다른 정권들이 서로 다른 구역 획정을 설정했음에도 구주의 지형 구도는 기본적으로 변하지 않았습니다.\n구주 전체가 하 왕조의 통제 하에 있었던 것은 아니지만, 화하 문명이 대지 밖의 요소로부터 영향을 받는 것을 막기 위해 황룡은 우가 구정을 주조하는 것을 도왔습니다. 구정은 남은 모든 염황의 영기를 모아 외세의 침입으로부터 화하 대지를 수호할 수 있었습니다.\n우의 사 씨 후대 전승자들은 하 왕조의 통치를 통해 강력한 근력을 얻었으나, 왕으로서 신령으로부터 온 이 강력한 근력을 마음대로 휘두르는 것은 왕조 내부에 숨겨진 위기가 되었습니다.\n\n &lt;size=28 &gt;【용족 쇠락】 &lt;/size &gt;\n계는 우의 후손으로 모든 선조보다 강력한 영기를 지녔으나 매우 포악한 성격을 가졌습니다.\n이 점을 혼돈이 눈여겨보고 암암리에 자신의 영기로 계를 더욱 강하게 만들었으나 그의 성격적 결함 또한 증폭시켰습니다. 계는 다른 종족들을 더욱 경시하며 복종하지 않는 방국들을 정벌했습니다.\n근력에 대한 집착과 포악한 성격은 염황의 사상에 심각하게 위배되었기에, 현조족의 우두머리 이는 황룡의 인도를 받아 계에게 반대하는 방국들을 이끌고 하 왕조의 군대와 싸우기 시작했습니다.\n\n &lt;size=28 &gt;【현조지흥】 &lt;/size &gt;\n이는 계를 격파하고 규룡 일족의 통치를 종결지었습니다. 각 세력의 균형을 맞추기 위해 황룡은 이가 현조족이 통치하는 새로운 왕조인 상을 건립하도록 도왔습니다.\n리는 후세에 상탕이라 불렸으며, 그는 염황의 사고를 따라 화하 대륙에 각 종족이 평등하게 생활하는 질서를 세우고자 근력썼습니다.\n그리하여 그는 하 왕조의 종족들을 살육하지 않았을 뿐만 아니라 충분한 우대를 해주었으며 동시에 각 종족의 지위도 높여주었습니다.\n현조족은 조족 전체에서 가장 강력한 세력은 아니었습니다. 백조의 으뜸인 봉황족은 남방에서 백조의 나라를 관리하고 있었는데, 그들은 황룡의 근력을 빌려 하 왕조를 대체한 현조족을 인정하려 하지 않았습니다. 따라서 백조국을 포함한 남방의 여러 종족은 만족이라 불리게 되었습니다. 이후 세월이 흐르는 동안 고고한 봉황족은 상 왕조에 한 번도 신복하지 않았습니다.\n\n &lt;size=28 &gt;【제족 궐기】 &lt;/size &gt;\n제신은 현조족 중에서 가장 촉망받던 왕으로 사람들은 그를 제신이라 불렀습니다. 그는 뛰어난 지혜를 가졌고 용병술에 능하여 군을 이끌고 동부 지역을 평정했으며 많은 이족이 상 왕조에 귀순하게 했습니다.\n성공은 제신을 점차 잃게 만들었고 혼돈은 이번에 그의 오만함을 이용했습니다. 상 왕조의 통치자는 점차 독단적으로 변하여 자신에게 반대하는 신민들에게 가혹한 형벌을 내렸고, 본래 평등했던 상 왕조는 제신의 잔인함과 오만함으로 인해 분열되기 시작했습니다.\n서쪽의 희 씨 기린족 우두머리는 서백후 창으로 주변의 수많은 제후들의 옹립을 받았으며, 상 왕조에 반대하던 남방의 봉황족조차 사절을 보내 알현하게 했습니다. 곧 천하 제후의 태반이 서백후에게 귀부했습니다.\n창의 아들 발이 즉위한 후 곤붕족 강상의 지지를 얻어 제신을 토벌하는 전쟁을 시작했습니다.\n상 왕조는 결국 와해되었고 새로운 왕조가 탄생했으니, 황룡족의 혈통을 지닌 기린족이 통치하는 이 왕조를 주라 부릅니다.\n동시에 기린족과 왕조에 큰 공헌을 한 각종 종족들이 왕조 통치 범위 내의 여러 지역에 분봉되어 천자를 중심으로 왕조를 둘러싼 제후국들이 형성되었습니다.\n\n &lt;size=28 &gt;【구정 쇄렬】 &lt;/size &gt;\n주 왕조의 강성함은 염황 사상의 전파를 크게 강화했습니다. 혼돈은 이번에 까다로움을 느끼고 궁기, 도올과 연합하여 서로 다른 방향에서 왕조를 와해시키려 했습니다.\n혼돈은 욕망을 이용해 인심을 조종하는 데에도 능했기에 기린족의 마음이 매우 강인할지라도 몇몇 잘못된 판단이 나타나 왕조의 동요를 일으켰습니다. 궁기는 제후국들 사이에 잠복하여 천자에 대한 그들의 불만을 끊임없이 부추겼습니다. 마지막으로 살육에 능한 도올은 서쪽에서 본래 치우를 신봉하던 종족들 사이에 주 왕조에 대한 증오를 퍼뜨렸습니다.\n모든 인과가 결국 발효되어 천자가 실책을 저지르고 제후들의 불만은 더욱 커졌으며, 반란군이 서융과 연합하여 주 왕조의 왕권을 단숨에 부수어버렸습니다.\n이후 주 왕조는 동쪽으로 옮겨가 다시 도성을 세웠으나 이때 제후들은 이미 더 이상 신복하려 하지 않았고 왕조 전체는 쇠락기에 접어들었습니다.\n\n주왕 희연이 왕위를 계승한 후 주실의 세력이 미약하고 위태로움을 스스로 느끼고, 구주의 영기 안정을 수호하는 구정의 근력을 이용해 왕조의 통치를 재건하기로 결심했습니다. 그러나 이 거동은 상고 흉수 혼돈에게 이용당했고 화하족은 곧 천지가 뒤집히는 재난에 직면하게 되었습니다.\n제왕 인제는 직하학궁 제자들의 자질 덕분에 가장 먼저 이상함을 감지했습니다. 그는 칠왕을 낙읍으로 소집했고, 한바탕 논쟁 끝에 일곱 사람은 과거의 분쟁을 내려놓고 군주의 명격과 선조의 신력으로 상고 흉수에게 대항하기로 결정했습니다.\n결국 칠왕의 영기는 소진되었고 진왕 탕은 육체로 구정의 근력을 견뎌내다 근력이 다해 사망했습니다. 구정 또한 온전히 보존되지 못하고 수만 개의 파편으로 부서졌습니다.\n진나라의 새 왕 영직은 크게 노하여 군사를 일으켜 주실의 죄를 물었고, 희연을 압박해 낙읍의 땅을 내놓고 공으로 물러나게 하니 주 왕조는 이로써 명목상으로만 존재하게 되었습니다.\n그리고 구정의 파편은 구주의 천지 만물 사이에 흩어졌으며 그 안에 담긴 근력이 난세의 향방을 결정하게 될 것입니다.\n	&lt;size=28 &gt;【진호구주】 &lt;/size &gt;\n상고지전 이후 용족은 화하 대지의 통치자가 되었습니다. 동시에 인간의 형태로 변하기를 원했던 종족들은 용족의 비호를 받으며 신령들이 전수한 방대한 지식을 습득하여 번성했습니다. 이후 인간의 형태로 변한 일부 용족은 다른 종들과 함께 최초의 왕조인 하를 건립했습니다.\n규룡 우는 치우의 신도들이 일으킨 수해를 진압하는 데 큰 공을 세워 왕조의 우두머리로 추대되었습니다. 우는 서로 다른 지리적 환경에 따라 화하 대지를 구주로 나누었습니다. 후세에 서로 다른 정권들이 서로 다른 구역 획정을 설정했음에도 구주의 지형 구도는 기본적으로 변하지 않았습니다.\n구주 전체가 하 왕조의 통제 하에 있었던 것은 아니지만, 화하 문명이 대지 밖의 요소로부터 영향을 받는 것을 막기 위해 황룡은 우가 구정을 주조하는 것을 도왔습니다. 구정은 남은 모든 염황의 영기를 모아 외세의 침입으로부터 화하 대지를 수호할 수 있었습니다.\n우의 사 씨 후대 전승자들은 하 왕조의 통치를 통해 강력한 근력을 얻었으나, 왕으로서 신령으로부터 온 이 강력한 근력을 마음대로 휘두르는 것은 왕조 내부에 숨겨진 위기가 되었습니다.\n\n &lt;size=28 &gt;【용족 쇠락】 &lt;/size &gt;\n계는 우의 후손으로 모든 선조보다 강력한 영기를 지녔으나 매우 포악한 성격을 가졌습니다.\n이 점을 혼돈이 눈여겨보고 암암리에 자신의 영기로 계를 더욱 강하게 만들었으나 그의 성격적 결함 또한 증폭시켰습니다. 계는 다른 종족들을 더욱 경시하며 복종하지 않는 방국들을 정벌했습니다.\n근력에 대한 집착과 포악한 성격은 염황의 사상에 심각하게 위배되었기에, 현조족의 우두머리 이는 황룡의 인도를 받아 계에게 반대하는 방국들을 이끌고 하 왕조의 군대와 싸우기 시작했습니다.\n\n &lt;size=28 &gt;【현조지흥】 &lt;/size &gt;\n이는 계를 격파하고 규룡 일족의 통치를 종결지었습니다. 각 세력의 균형을 맞추기 위해 황룡은 이가 현조족이 통치하는 새로운 왕조인 상을 건립하도록 도왔습니다.\n이는 후세에 상탕이라 불렸으며, 그는 염황의 사고를 따라 화하 대륙에 각 종족이 평등하게 생활하는 질서를 세우고자 근력썼습니다.\n그리하여 그는 하 왕조의 종족들을 살육하지 않았을 뿐만 아니라 충분한 우대를 해주었으며 동시에 각 종족의 지위도 높여주었습니다.\n현조족은 조족 전체에서 가장 강력한 세력은 아니었습니다. 백조의 으뜸인 봉황족은 남방에서 백조의 나라를 관리하고 있었는데, 그들은 황룡의 근력을 빌려 하 왕조를 대체한 현조족을 인정하려 하지 않았습니다. 따라서 백조국을 포함한 남방의 여러 종족은 만족이라 불리게 되었습니다. 이후 세월이 흐르는 동안 고고한 봉황족은 상 왕조에 한 번도 신복하지 않았습니다.\n\n &lt;size=28 &gt;【제족 궐기】 &lt;/size &gt;\n제신은 현조족 중에서 가장 촉망받던 왕으로 사람들은 그를 제신이라 불렀습니다. 그는 뛰어난 지혜를 가졌고 용병술에 능하여 군을 이끌고 동부 지역을 평정했으며 많은 이족이 상 왕조에 귀순하게 했습니다.\n성공은 제신을 점차 잃게 만들었고 혼돈은 이번에 그의 오만함을 이용했습니다. 상 왕조의 통치자는 점차 독단적으로 변하여 자신에게 반대하는 신민들에게 가혹한 형벌을 내렸고, 본래 평등했던 상 왕조는 제신의 잔인함과 오만함으로 인해 분열되기 시작했습니다.\n서쪽의 희 씨 기린족 우두머리는 서백후 창으로 주변의 수많은 제후들의 옹립을 받았으며, 상 왕조에 반대하던 남방의 봉황족조차 사절을 보내 알현하게 했습니다. 곧 천하 제후의 태반이 서백후에게 귀부했습니다.\n창의 아들 발이 즉위한 후 곤붕족 강상의 지지를 얻어 제신을 토벌하는 전쟁을 시작했습니다.\n상 왕조는 결국 와해되었고 새로운 왕조가 탄생했으니, 황룡족의 혈통을 지닌 기린족이 통치하는 이 왕조를 주라 부릅니다.\n동시에 기린족과 왕조에 큰 공헌을 한 각종 종족들이 왕조 통치 범위 내의 여러 지역에 분봉되어 천자를 중심으로 왕조를 둘러싼 제후국들이 형성되었습니다.\n\n &lt;size=28 &gt;【구정 쇄렬】 &lt;/size &gt;\n주 왕조의 강성함은 염황 사상의 전파를 크게 강화했습니다. 혼돈은 이번에 까다로움을 느끼고 궁기, 도올과 연합하여 서로 다른 방향에서 왕조를 와해시키려 했습니다.\n혼돈은 욕망을 이용해 인심을 조종하는 데에도 능했기에 기린족의 마음이 매우 강인할지라도 몇몇 잘못된 판단이 나타나 왕조의 동요를 일으켰습니다. 궁기는 제후국들 사이에 잠복하여 천자에 대한 그들의 불만을 끊임없이 부추겼습니다. 마지막으로 살육에 능한 도올은 서쪽에서 본래 치우를 신봉하던 종족들 사이에 주 왕조에 대한 증오를 퍼뜨렸습니다.\n모든 인과가 결국 발효되어 천자가 실책을 저지르고 제후들의 불만은 더욱 커졌으며, 반란군이 서융과 연합하여 주 왕조의 왕권을 단숨에 부수어버렸습니다.\n이후 주 왕조는 동쪽으로 옮겨가 다시 도성을 세웠으나 이때 제후들은 이미 더 이상 신복하려 하지 않았고 왕조 전체는 쇠락기에 접어들었습니다.\n\n주왕 희연이 왕위를 계승한 후 주실의 세력이 미약하고 위태로움을 스스로 느끼고, 구주의 영기 안정을 수호하는 구정의 근력을 이용해 왕조의 통치를 재건하기로 결심했습니다. 그러나 이 거동은 상고 흉수 혼돈에게 이용당했고 화하족은 곧 천지가 뒤집히는 재난에 직면하게 되었습니다.\n제왕 인제는 직하학궁 제자들의 자질 덕분에 가장 먼저 이상함을 감지했습니다. 그는 칠왕을 낙읍으로 소집했고, 한바탕 논쟁 끝에 일곱 사람은 과거의 분쟁을 내려놓고 군주의 명격과 선조의 신력으로 상고 흉수에게 대항하기로 결정했습니다.\n결국 칠왕의 영기는 소진되었고 진왕 탕은 육체로 구정의 근력을 견뎌내다 근력이 다해 사망했습니다. 구정 또한 온전히 보존되지 못하고 수만 개의 파편으로 부서졌습니다.\n진나라의 새 왕 영직은 크게 노하여 군사를 일으켜 주실의 죄를 물었고, 희연을 압박해 낙읍의 땅을 내놓고 공으로 물러나게 하니 주 왕조는 이로써 명목상으로만 존재하게 되었습니다.\n그리고 구정의 파편은 구주의 천지 만물 사이에 흩어졌으며 그 안에 담긴 근력이 난세의 향방을 결정하게 될 것입니다.\n
dueum_law_20260505	t_language.xml	821054	 &lt;size=28 &gt;【镇护九州】 &lt;/size &gt;\n在上古之战后，龙族成为了华夏大地的治理者，同时，愿意化作人类形态的族群得到了龙族的庇护，获得了大量神灵传授的知识，从而发展壮大。而后，一部分化作人形态的龙族与其他物种一起共同建立了第一个王朝——夏。\n虬龙禹在平息蚩尤信徒制造的水患中立下大功，被公推为王朝的领袖，禹根据不同的地理环境，将华夏大地划分九州。在后世中，不同的政权虽然设定不同的区域划分，但九州的地貌格局基本没有变化。\n虽然九州并非全部都受到夏王朝掌控，但为了华夏文明受到大地之外的因素影响，黄龙帮助禹铸造了九鼎，九鼎聚集了所有剩余的炎黄灵气，能够镇守华夏大地不被外地入侵。\n而禹的姒姓后代传承者对于夏王朝的统治，也得到了强大的力量，但作为王者肆意的运用这来自神灵的强大力量，成为了隐藏在王朝中的危机。\n\n &lt;size=28 &gt;【龙族衰落】 &lt;/size &gt;\n癸是禹的后嗣，拥有着比所有先祖都要最强大的灵气，但他却有着非常暴躁的性格。\n这点被混沌所看中，暗中用自己的灵气让癸变得更强，却也放大了他性格的缺陷，癸更加轻视其他族群，对不服从的方国进行征伐。\n对力量的执迷和暴虐的性格严重违背了炎黄的思想，于是玄鸟族的首领履获得了黄龙的指引，率领反对癸的方国开始与夏王朝的军队作战。\n\n &lt;size=28 &gt;【玄鸟之兴】 &lt;/size &gt;\n履击败了癸，终结了虬龙一族的统治，为了平衡各方势力，黄龙帮助履建立了一个由玄鸟族统治的新王朝——商。\n履被后世称为商汤，他是遵循炎黄的思路，力求在华夏大陆建立一个各族群平等生活的秩序。\n于是他不仅没有杀戮将夏王朝的族群，还给予足够的优待，同时也提高了各个族群的地位。\n玄鸟族并非整个鸟族最强大的势力，作为百鸟之尊的凤凰族在南方管理者百鸟之国，他们并不愿意承认借助黄龙之力取代夏王朝的玄鸟族。因此，包括百鸟国在内的南方诸多族群被称之为蛮族。而随后的岁月变迁中，高傲的凤凰族也一直没有臣服过商王朝。\n\n &lt;size=28 &gt;【诸族崛起】 &lt;/size &gt;\n受曾经是玄鸟族中最被看好的王，人们称他为帝辛。他拥有强大的智慧，善于用兵打仗，领军击败了平地了东部区域，让诸多异族归服于商王朝。\n成功让帝辛逐渐迷失了自我，混沌这一次利用了他的高傲。商王朝的统治者逐渐变得刚愎自用，对反对他的臣民施以重刑，原本平等的商王朝因为帝辛的残忍高傲开始分崩离。\n西面的姬姓麒麟族首领是西伯侯昌，受到了周边众多的诸侯拥护，连南方反对商王朝的凤凰族也派使者前去拜会。很快天下大半的诸侯都归附于西伯侯。\n昌的儿子发继位后，得到了在鲲鹏族姜尚的支持，开始了讨伐帝辛的战争。\n商王朝最终土崩瓦解，一个全新的王朝诞生了，这个又拥有黄龙族血统的麒麟族统治的王朝叫做周。\n同时麒麟族和其他对王朝有着重大贡献的各类族群被分封到王朝统治范围内的诸多地区，形成了以天子为中心，围绕着王朝的诸侯国。\n\n &lt;size=28 &gt;【九鼎碎裂】 &lt;/size &gt;\n周王朝的强盛极大的加强了炎黄思想的传播，混沌这次感到了棘手，他这一次联合了穷奇和梼杌，从不同的方向来瓦解王朝。\n混沌同样擅长利用欲望控制人心，即便麒麟族的内心十分强大，也会出现某些错误的判断，引起一些王朝的动荡；穷奇着潜伏在诸侯国之中，不断挑起他们对天子的不满；最后是善于杀戮的梼杌，他在西面本就信仰蚩尤的族群中传播着对周王朝的仇恨。\n所有的因果最终发酵，天子犯下错误，诸侯越发不满，叛乱者联合西戎将周王朝的王权一举击碎。\n而后周王朝往东迁移，重新建立了都城，但此时诸侯早已不愿再臣服，整个王朝进入了衰落时期。\n\n周王姬延继承王位后，自觉周室势力微弱，岌岌可危，决定利用镇守九州灵气稳定的九鼎之力重振王朝统治。然而此举被上古凶兽混沌所利用，华夏族即将面临翻天覆地的危难。\n齐王因齐凭借稷下学宫诸子之才智最先察觉异样，他召集七王会于洛邑，一番争论后，七人决定放下过往纷争，以君王之命格和先祖之神力对抗上古凶兽。\n最终七王灵气耗尽，秦王荡以肉体承受九鼎之力，力竭而亡。而九鼎也未能保全，碎裂成为万千碎片。\n秦国新王赢稷一怒之下兴兵问罪周室，迫使姬延让出洛邑之地，退居于巩，周王朝至此名存实亡。\n而九鼎碎片散布于九州天地万物之间，其蕴含的力量，将决定乱世的走向。\n	&lt;size=28 &gt;【진호구주】 &lt;/size &gt;\n상고지전 이후 용족은 화하 대지의 통치자가 되었습니다. 동시에 인간의 형태로 변하기를 원했던 종족들은 용족의 비호를 받으며 신령들이 전수한 방대한 지식을 습득하여 번성했습니다. 이후 인간의 형태로 변한 일부 용족은 다른 종들과 함께 최초의 왕조인 하를 건립했습니다.\n규룡 우는 치우의 신도들이 일으킨 수해를 진압하는 데 큰 공을 세워 왕조의 우두머리로 추대되었습니다. 우는 서로 다른 지리적 환경에 따라 화하 대지를 구주로 나누었습니다. 후세에 서로 다른 정권들이 서로 다른 구역 획정을 설정했음에도 구주의 지형 구도는 기본적으로 변하지 않았습니다.\n구주 전체가 하 왕조의 통제 하에 있었던 것은 아니지만, 화하 문명이 대지 밖의 요소로부터 영향을 받는 것을 막기 위해 황룡은 우가 구정을 주조하는 것을 도왔습니다. 구정은 남은 모든 염황의 영기를 모아 외세의 침입으로부터 화하 대지를 수호할 수 있었습니다.\n우의 사 씨 후대 전승자들은 하 왕조의 통치를 통해 강력한 근력을 얻었으나, 왕으로서 신령으로부터 온 이 강력한 근력을 마음대로 휘두르는 것은 왕조 내부에 숨겨진 위기가 되었습니다.\n\n &lt;size=28 &gt;【용족 쇠락】 &lt;/size &gt;\n계는 우의 후손으로 모든 선조보다 강력한 영기를 지녔으나 매우 포악한 성격을 가졌습니다.\n이 점을 혼돈이 눈여겨보고 암암리에 자신의 영기로 계를 더욱 강하게 만들었으나 그의 성격적 결함 또한 증폭시켰습니다. 계는 다른 종족들을 더욱 경시하며 복종하지 않는 방국들을 정벌했습니다.\n근력에 대한 집착과 포악한 성격은 염황의 사상에 심각하게 위배되었기에, 현조족의 우두머리 이는 황룡의 인도를 받아 계에게 반대하는 방국들을 이끌고 하 왕조의 군대와 싸우기 시작했습니다.\n\n &lt;size=28 &gt;【현조지흥】 &lt;/size &gt;\n이는 계를 격파하고 규룡 일족의 통치를 종결지었습니다. 각 세력의 균형을 맞추기 위해 황룡은 이가 현조족이 통치하는 새로운 왕조인 상을 건립하도록 도왔습니다.\n이는 후세에 상탕이라 불렸으며, 그는 염황의 사고를 따라 화하 대륙에 각 종족이 평등하게 생활하는 질서를 세우고자 근력썼습니다.\n그리하여 그는 하 왕조의 종족들을 살육하지 않았을 뿐만 아니라 충분한 우대를 해주었으며 동시에 각 종족의 지위도 높여주었습니다.\n현조족은 조족 전체에서 가장 강력한 세력은 아니었습니다. 백조의 으뜸인 봉황족은 남방에서 백조의 나라를 관리하고 있었는데, 그들은 황룡의 근력을 빌려 하 왕조를 대체한 현조족을 인정하려 하지 않았습니다. 따라서 백조국을 포함한 남방의 여러 종족은 만족이라 불리게 되었습니다. 이후 세월이 흐르는 동안 고고한 봉황족은 상 왕조에 한 번도 신복하지 않았습니다.\n\n &lt;size=28 &gt;【제족 궐기】 &lt;/size &gt;\n제신은 현조족 중에서 가장 촉망받던 왕으로 사람들은 그를 제신이라 불렀습니다. 그는 뛰어난 지혜를 가졌고 용병술에 능하여 군을 이끌고 동부 지역을 평정했으며 많은 이족이 상 왕조에 귀순하게 했습니다.\n성공은 제신을 점차 잃게 만들었고 혼돈은 이번에 그의 오만함을 이용했습니다. 상 왕조의 통치자는 점차 독단적으로 변하여 자신에게 반대하는 신민들에게 가혹한 형벌을 내렸고, 본래 평등했던 상 왕조는 제신의 잔인함과 오만함으로 인해 분열되기 시작했습니다.\n서쪽의 희 씨 기린족 우두머리는 서백후 창으로 주변의 수많은 제후들의 옹립을 받았으며, 상 왕조에 반대하던 남방의 봉황족조차 사절을 보내 알현하게 했습니다. 곧 천하 제후의 태반이 서백후에게 귀부했습니다.\n창의 아들 발이 즉위한 후 곤붕족 강상의 지지를 얻어 제신을 토벌하는 전쟁을 시작했습니다.\n상 왕조는 결국 와해되었고 새로운 왕조가 탄생했으니, 황룡족의 혈통을 지닌 기린족이 통치하는 이 왕조를 주라 부릅니다.\n동시에 기린족과 왕조에 큰 공헌을 한 각종 종족들이 왕조 통치 범위 내의 여러 지역에 분봉되어 천자를 중심으로 왕조를 둘러싼 제후국들이 형성되었습니다.\n\n &lt;size=28 &gt;【구정 쇄렬】 &lt;/size &gt;\n주 왕조의 강성함은 염황 사상의 전파를 크게 강화했습니다. 혼돈은 이번에 까다로움을 느끼고 궁기, 도올과 연합하여 서로 다른 방향에서 왕조를 와해시키려 했습니다.\n혼돈은 욕망을 이용해 인심을 조종하는 데에도 능했기에 기린족의 마음이 매우 강인할지라도 몇몇 잘못된 판단이 나타나 왕조의 동요를 일으켰습니다. 궁기는 제후국들 사이에 잠복하여 천자에 대한 그들의 불만을 끊임없이 부추겼습니다. 마지막으로 살육에 능한 도올은 서쪽에서 본래 치우를 신봉하던 종족들 사이에 주 왕조에 대한 증오를 퍼뜨렸습니다.\n모든 인과가 결국 발효되어 천자가 실책을 저지르고 제후들의 불만은 더욱 커졌으며, 반란군이 서융과 연합하여 주 왕조의 왕권을 단숨에 부수어버렸습니다.\n이후 주 왕조는 동쪽으로 옮겨가 다시 도성을 세웠으나 이때 제후들은 이미 더 이상 신복하려 하지 않았고 왕조 전체는 쇠락기에 접어들었습니다.\n\n주왕 희연이 왕위를 계승한 후 주실의 세력이 미약하고 위태로움을 스스로 느끼고, 구주의 영기 안정을 수호하는 구정의 근력을 이용해 왕조의 통치를 재건하기로 결심했습니다. 그러나 이 거동은 상고 흉수 혼돈에게 이용당했고 화하족은 곧 천지가 뒤집히는 재난에 직면하게 되었습니다.\n제왕 인제는 직하학궁 제자들의 자질 덕분에 가장 먼저 이상함을 감지했습니다. 그는 칠왕을 낙읍으로 소집했고, 한바탕 논쟁 끝에 일곱 사람은 과거의 분쟁을 내려놓고 군주의 명격과 선조의 신력으로 상고 흉수에게 대항하기로 결정했습니다.\n결국 칠왕의 영기는 소진되었고 진왕 탕은 육체로 구정의 근력을 견뎌내다 근력이 다해 사망했습니다. 구정 또한 온전히 보존되지 못하고 수만 개의 파편으로 부서졌습니다.\n진나라의 새 왕 영직은 크게 노하여 군사를 일으켜 주실의 죄를 물었고, 희연을 압박해 낙읍의 땅을 내놓고 공으로 물러나게 하니 주 왕조는 이로써 명목상으로만 존재하게 되었습니다.\n그리고 구정의 파편은 구주의 천지 만물 사이에 흩어졌으며 그 안에 담긴 근력이 난세의 향방을 결정하게 될 것입니다.\n	&lt;size=28 &gt;【진호구주】 &lt;/size &gt;\n상고지전 이후 용족은 화하 대지의 통치자가 되었습니다. 동시에 인간의 형태로 변하기를 원했던 종족들은 용족의 비호를 받으며 신령들이 전수한 방대한 지식을 습득하여 번성했습니다. 이후 인간의 형태로 변한 일부 용족은 다른 종들과 함께 최초의 왕조인 하를 건립했습니다.\n규룡 우는 치우의 신도들이 일으킨 수해를 진압하는 데 큰 공을 세워 왕조의 우두머리로 추대되었습니다. 우는 서로 다른 지리적 환경에 따라 화하 대지를 구주로 나누었습니다. 후세에 서로 다른 정권들이 서로 다른 구역 획정을 설정했음에도 구주의 지형 구도는 기본적으로 변하지 않았습니다.\n구주 전체가 하 왕조의 통제 하에 있었던 것은 아니지만, 화하 문명이 대지 밖의 요소로부터 영향을 받는 것을 막기 위해 황룡은 우가 구정을 주조하는 것을 도왔습니다. 구정은 남은 모든 염황의 영기를 모아 외세의 침입으로부터 화하 대지를 수호할 수 있었습니다.\n우의 사 씨 후대 전승자들은 하 왕조의 통치를 통해 강력한 근력을 얻었으나, 왕으로서 신령으로부터 온 이 강력한 근력을 마음대로 휘두르는 것은 왕조 내부에 숨겨진 위기가 되었습니다.\n\n &lt;size=28 &gt;【용족 쇠락】 &lt;/size &gt;\n계는 우의 후손으로 모든 선조보다 강력한 영기를 지녔으나 매우 포악한 성격을 가졌습니다.\n이 점을 혼돈이 눈여겨보고 암암리에 자신의 영기로 계를 더욱 강하게 만들었으나 그의 성격적 결함 또한 증폭시켰습니다. 계는 다른 종족들을 더욱 경시하며 복종하지 않는 방국들을 정벌했습니다.\n근력에 대한 집착과 포악한 성격은 염황의 사상에 심각하게 위배되었기에, 현조족의 우두머리 이는 황룡의 인도를 받아 계에게 반대하는 방국들을 이끌고 하 왕조의 군대와 싸우기 시작했습니다.\n\n &lt;size=28 &gt;【현조지흥】 &lt;/size &gt;\n이는 계를 격파하고 규룡 일족의 통치를 종결지었습니다. 각 세력의 균형을 맞추기 위해 황룡은 이가 현조족이 통치하는 새로운 왕조인 상을 건립하도록 도왔습니다.\n이는 후세에 상탕이라 불렸으며, 그는 염황의 사고를 따라 화하 대륙에 각 종족이 평등하게 생활하는 질서를 세우고자 근력썼습니다.\n그리하여 그는 하 왕조의 종족들을 살육하지 않았을 뿐만 아니라 충분한 우대를 해주었으며 동시에 각 종족의 지위도 높여주었습니다.\n현조족은 조족 전체에서 가장 강력한 세력은 아니었습니다. 백조의 으뜸인 봉황족은 남방에서 백조의 나라를 관리하고 있었는데, 그들은 황룡의 근력을 빌려 하 왕조를 대체한 현조족을 인정하려 하지 않았습니다. 따라서 백조국을 포함한 남방의 여러 종족은 만족이라 불리게 되었습니다. 이후 세월이 흐르는 동안 고고한 봉황족은 상 왕조에 한 번도 신복하지 않았습니다.\n\n &lt;size=28 &gt;【제족 궐기】 &lt;/size &gt;\n제신은 현조족 중에서 가장 촉망받던 왕으로 사람들은 그를 제신이라 불렀습니다. 그는 뛰어난 지혜를 가졌고 용병술에 능하여 군을 이끌고 동부 지역을 평정했으며 많은 이족이 상 왕조에 귀순하게 했습니다.\n성공은 제신을 점차 잃게 만들었고 혼돈은 이번에 그의 오만함을 이용했습니다. 상 왕조의 통치자는 점차 독단적으로 변하여 자신에게 반대하는 신민들에게 가혹한 형벌을 내렸고, 본래 평등했던 상 왕조는 제신의 잔인함과 오만함으로 인해 분열되기 시작했습니다.\n서쪽의 희 씨 기린족 우두머이는 서백후 창으로 주변의 수많은 제후들의 옹립을 받았으며, 상 왕조에 반대하던 남방의 봉황족조차 사절을 보내 알현하게 했습니다. 곧 천하 제후의 태반이 서백후에게 귀부했습니다.\n창의 아들 발이 즉위한 후 곤붕족 강상의 지지를 얻어 제신을 토벌하는 전쟁을 시작했습니다.\n상 왕조는 결국 와해되었고 새로운 왕조가 탄생했으니, 황룡족의 혈통을 지닌 기린족이 통치하는 이 왕조를 주라 부릅니다.\n동시에 기린족과 왕조에 큰 공헌을 한 각종 종족들이 왕조 통치 범위 내의 여러 지역에 분봉되어 천자를 중심으로 왕조를 둘러싼 제후국들이 형성되었습니다.\n\n &lt;size=28 &gt;【구정 쇄렬】 &lt;/size &gt;\n주 왕조의 강성함은 염황 사상의 전파를 크게 강화했습니다. 혼돈은 이번에 까다로움을 느끼고 궁기, 도올과 연합하여 서로 다른 방향에서 왕조를 와해시키려 했습니다.\n혼돈은 욕망을 이용해 인심을 조종하는 데에도 능했기에 기린족의 마음이 매우 강인할지라도 몇몇 잘못된 판단이 나타나 왕조의 동요를 일으켰습니다. 궁기는 제후국들 사이에 잠복하여 천자에 대한 그들의 불만을 끊임없이 부추겼습니다. 마지막으로 살육에 능한 도올은 서쪽에서 본래 치우를 신봉하던 종족들 사이에 주 왕조에 대한 증오를 퍼뜨렸습니다.\n모든 인과가 결국 발효되어 천자가 실책을 저지르고 제후들의 불만은 더욱 커졌으며, 반란군이 서융과 연합하여 주 왕조의 왕권을 단숨에 부수어버렸습니다.\n이후 주 왕조는 동쪽으로 옮겨가 다시 도성을 세웠으나 이때 제후들은 이미 더 이상 신복하려 하지 않았고 왕조 전체는 쇠락기에 접어들었습니다.\n\n주왕 희연이 왕위를 계승한 후 주실의 세력이 미약하고 위태로움을 스스로 느끼고, 구주의 영기 안정을 수호하는 구정의 근력을 이용해 왕조의 통치를 재건하기로 결심했습니다. 그러나 이 거동은 상고 흉수 혼돈에게 이용당했고 화하족은 곧 천지가 뒤집히는 재난에 직면하게 되었습니다.\n제왕 인제는 직하학궁 제자들의 자질 덕분에 가장 먼저 이상함을 감지했습니다. 그는 칠왕을 낙읍으로 소집했고, 한바탕 논쟁 끝에 일곱 사람은 과거의 분쟁을 내려놓고 군주의 명격과 선조의 신력으로 상고 흉수에게 대항하기로 결정했습니다.\n결국 칠왕의 영기는 소진되었고 진왕 탕은 육체로 구정의 근력을 견뎌내다 근력이 다해 사망했습니다. 구정 또한 온전히 보존되지 못하고 수만 개의 파편으로 부서졌습니다.\n진나라의 새 왕 영직은 크게 노하여 군사를 일으켜 주실의 죄를 물었고, 희연을 압박해 낙읍의 땅을 내놓고 공으로 물러나게 하니 주 왕조는 이로써 명목상으로만 존재하게 되었습니다.\n그리고 구정의 파편은 구주의 천지 만물 사이에 흩어졌으며 그 안에 담긴 근력이 난세의 향방을 결정하게 될 것입니다.\n
dueum_law_20260505	t_language.xml	821061	诸多异族趁机周王室的衰落而崛起，纷纷建立了自己的国家，在七雄吞并天下的过程中，他们或为助力，或为阻碍，一定程度上影响着整个华夏大陆的局势。\n而华夏族和异族，有许多在先祖血脉上存在不可分割的联系，随着世世代代的纷争和往来，在文化上也彼此存在颇为深刻的影响。\n\n &lt;size=28 &gt;【鲜卑】 &lt;/size &gt;\n鲜卑先祖为移即，属兽族熊类。\n鲜卑属于东胡部落的一支，活跃于幽州北部，时常与中原发生冲突。\n鲜卑推举战力强者为族长，但氏族间难以认同，经常争斗不休，无法凝聚，故文明落后。对外也经常与华夏族发生冲突。其族人好斗残暴的本性使其经常堕于混沌之道。\n鲜卑族嗜酒，以渔猎为生，生产组织方式比较落后。由于战力超绝，许多鲜卑族人能在中原诸国受重用和融入。\n\n &lt;size=28 &gt;【屠何】 &lt;/size &gt;\n屠何先祖为睚眦，属兽族狼类。与燕国王族有些血脉联系。\n屠何属于东胡部落的一支，活跃于燕国北部，中原农耕文明与草原游牧文明交界地带，时常南下劫掠燕赵边境地区。\n屠何族有着严密而残酷的阶级统治制度，以头狼为首，号令群狼，拥有胜过华夏族的组织力，战术和武术皆发达。\n然而，阶级分配不均和残酷的统治使得屠何族在行动时有着严密的组织，非战时却频繁政变。下克上几乎是每个屠何族人心照不宣的目标。\n屠何族不喜生产，很大程度依靠奴役他族以及组织族人频繁南下劫掠维生。\n\n &lt;size=28 &gt;【楼烦】 &lt;/size &gt;\n楼烦先祖为鸑鷟，属鸟族鹰类。与楚国王族有血脉关联。\n楼烦是活跃于赵国西北部荒漠的戎狄部落。曾多次南下介入诸国间的战争。并未有国家体制。\n楼烦人人迹罕至的高山深谷地带，与外界联系不多，以世袭巫医为首领，重视与自然和神灵的连结，将德行与品格看得比生命更重，相信转世轮回，重视正义，以斩除恶人与混沌为己任。\n楼烦军队强大的战斗力和机动性是中原各国各族难以对抗的。中原诸国若出现暴政、恃强凌弱或浑沌入侵时，楼烦可能会主动介入，让中原国家对其又敬又惧。\n\n &lt;size=28 &gt;【青丘】 &lt;/size &gt;\n青丘先祖为九尾，属兽族狐类。\n青丘是东夷部落的一支，主要活跃于齐楚边境的深山密林中，鲜为人所见。并以法术隐蔽保护了村落的出入口。\n青丘是原始的母系社会，擅化形、占卜、编织和法术。平日不会以兽形现身，潜伏于华夏族市井，一般与世无争，世传其生活如世外桃源，安居丰足，实记情况不为外人所知。\n\n &lt;size=28 &gt;【肥鼓】 &lt;/size &gt;\n肥鼓先祖为陆吾，属兽族兔类。\n肥鼓是白狄部落的一支，主要活跃于燕赵边境，在大国夹缝中艰难求生。其族人数众多，团结成一个国家。\n肥鼓族个体能力弱小，寿命也不长，但家族观念强，为了生存和务农非常致力于繁衍人口。善于隐匿和掘洞，修筑起一个个小城堡抵御外敌，肥鼓族的地底下另有一片天地，可供全族隐藏。肥鼓族重视承诺信义，并且遵守规矩与道义，晚辈对长辈十分崇敬。\n通常十分团结听命，仅在国王的指挥下才会离开居地。少数叛逆者才会加入中原的征战中。由于其作风可靠诚信，诸国经常雇用肥鼓国人作战或劳役。\n\n &lt;size=28 &gt;【皋落】 &lt;/size &gt;\n皋落先祖为狴犴，属兽族猫类。与魏国王族有血脉关联。\n涿鹿之战后，退避到山中散居，在豫州尧山/鲁山建立了城寨，为皋落国。另有一支迁徙到冀州，为东山皋落。\n他们不事生产，因此大多使用抓捕的俘虏来进行生产。各小氏族族长形成议会，看似以均等投票议事，但较强的小氏族却有较高话语权。其中又以白皋为贵，黑皋则是武艺强的守护众。\n皋落在诸国间周旋，主要做佣兵潜入谍报、突袭工作。也有不少族人以强盗维生。\n由于多疑敏感，很难相信别人，极少从商，也不愿骑乘坐骑，其文明发展有限。\n\n &lt;size=28 &gt;【豕韦】 &lt;/size &gt;\n豕韦先祖为并封，属兽族猪类。\n豕韦是上古夏朝时的重要加盟国。在琢鹿之战从蚩尤部倒戈。对上古之战的胜利有大功。\n豕韦部落生活在中原腹地，农耕发达，且掌握了牲畜饲养技术，民风习俗与中原各国近似。\n豕韦的社会组织与中原诸国类似，然而族人自诩过往对抗混沌战功赫赫，陷入傲慢腐败而不自认。使得技术和制度发展落后。豕韦国人好吃懒做，可见许多原始陋习。\n豕韦国王经常介入周边诸国的征战，从中获取好处，两面三刀且趁人之危，被诸国敌视，却自认聪明。\n\n &lt;size=28 &gt;【九黎】 &lt;/size &gt;\n九黎先祖为蜚，属兽族牛类。\n九黎族是上古东夷集团的后裔，活跃于黄河下游与长江中下游之间，敌视中原文明，是最强大的异族王国。\n九黎为农耕文明，耕作和冶炼技术发达，族人多辛勤刻苦，族群生产力不弱于华夏。\n九黎族人多忠厚老实，容易自足，听从命令。九黎王的统治是高度集权且稳定的，形成结构紧密、军事化程度极高的单一王国。并将国王尊为半神，认做蚩尤后裔，将华夏政权视为敌对。\n\n &lt;size=28 &gt;【义渠】 &lt;/size &gt;\n义渠先祖为英招，属兽族马类。与秦国王族有血脉关联。\n原建立义渠国，后被秦国吞并。但受秦人歧视，并不能融合，依然在义渠城外形成多个部落，维持原来的游牧生活。也时常受诸国拉拢，成为秦境内的反动势力。\n义渠部落逐水草而居，因其移动力和耐力强，一人便可将行旅帐蓬置于背上，在军事部署上占据绝大优势，可机动行军。\n义渠部落过着游牧生活，许多物资必须依靠与华夏族交易，但其生性好自由难受役使，难服于华夏族的统治。但其草场生活空间不停被华夏族挤压，部落经常以雇佣兵形式参予战争来争取给养与生活空间。\n	수많은 이족들이 주 왕실의 쇠락을 틈타 굴기하여 앞다투어 자신의 국가를 세웠으며, 칠웅이 천하를 병탄하는 과정에서 그들은 조력자가 되기도 하고 걸림돌이 되기도 하며 어느 정도 화하 대륙 전체의 국면에 영향을 미쳤습니다.\n화하족과 이족은 선조의 혈맥상 떼려야 뗄 수 없는 연관성을 지닌 경우가 많으며, 대대로 이어지는 분쟁과 왕래 속에서 문화적으로도 서로 꽤 깊은 영향을 주고받았습니다.\n\n &lt;size=28 &gt;【선비】 &lt;/size &gt;\n선비의 선조는 이즉이며, 수족 웅류에 속합니다.\n선비는 동호 부족의 일원으로 유주 북부에서 활동하며, 자주 중원과 충돌했습니다.\n선비는 전투력이 강한 자를 가주로 추대하지만, 혈족 간에 서로 인정하기 어려워 자주 끊임없이 다투고 결집하지 못해 문명이 낙후되었습니다. 대외적으로도 자주 화하족과 충돌했습니다. 부족원들의 호전적이고 잔포한 본성은 그들을 자주 혼돈의 도에 빠지게 했습니다.\n선비족은 술을 즐기고 어업과 사냥을 생업으로 삼으며, 생산 조직 방식은 비교적 낙후되어 있습니다. 전투력이 월등히 뛰어나기 때문에 많은 선비족 사람들이 중원 제국에서 중용되거나 융화되기도 합니다.\n\n &lt;size=28 &gt;【도하】 &lt;/size &gt;\n도하의 선조는 애자이며, 수족 낭류에 속합니다. 연나라가 황족과 어느 정도 혈맥적 연관이 있습니다.\n도하는 동호 부족의 일원으로 연나라가 북부, 중원의 농경 문명과 초원의 유목 문명이 교차하는 지대에서 활동하며 자주 남하하여 연조 접경 지역을 약탈했습니다.\n도하족은 엄격하고 잔혹한 계급 통치 제도를 가지고 있으며, 우두머리 늑대를 필두로 늑대 무리에게 명령을 내리듯 화하족을 능가하는 조직력을 보유하고 있으며 전술과 무술이 모두 발달했습니다.\n그러나 계급 분배의 불균형과 잔혹한 통치로 인해 도하족은 행동 시에는 엄밀한 조직력을 보이지만, 비전시에는 정변이 빈번하게 일어납니다. 하극상은 거의 모든 도하 부족원들의 암묵적인 목표입니다.\n도하족은 생산 활동을 즐기지 않으며, 타 부족을 노예로 삼거나 부족원들을 조직해 빈번히 남하하여 약탈하는 것에 크게 의존해 생계를 유지합니다.\n\n &lt;size=28 &gt;【누번】 &lt;/size &gt;\n누번의 선조는 악작이며, 조족 응류에 속합니다. 초나라가 황족과 혈맥적 연관이 있습니다.\n누번은 조나라가 북서부 황무지에서 활동하는 융적 부족입니다. 여러 차례 남하하여 제국 간의 전쟁에 개입하기도 했습니다. 국가 체제는 갖추지 않았습니다.\n누번 사람들은 인적이 드문 높은 산과 깊은 계곡 지대에 살며 외부와의 연락이 많지 않습니다. 세습되는 무의를 우두머리로 삼고 자연 및 신령과의 연결을 중시하며, 덕행과 품격을 생명보다 소중히 여깁니다. 윤회전생을 믿고 정의를 중시하며 악인과 혼돈을 처단하는 것을 자신의 소임으로 여깁니다.\n누번 군대의 강력한 전투력과 기동성은 중원 각국과 각 부족이 대적하기 어렵습니다. 중원 제국에 폭정, 약육강식 또는 혼돈의 침입이 발생하면 루번이 자발적으로 개입할 수 있어, 중원 국가들은 그들을 경외하면서도 두려워합니다.\n\n &lt;size=28 &gt;【청구】 &lt;/size &gt;\n청구의 선조는 구미이며, 수족 호류에 속합니다.\n청구는 동이 부족의 일원으로, 주로 제초 접경 지대의 깊은 산속 밀림에서 활동하여 사람들에게 거의 발견되지 않습니다. 또한 술법로 마을의 출입구를 은폐하여 보호합니다.\n청구는 원시적인 모계 사회로 둔갑, 점복, 직조 및 술법에 능합니다. 평소에는 수족의 형상으로 나타나지 않고 화하족의 시정에 잠복해 있으며, 일반적으로 세상과 다투지 않습니다. 그들의 생활은 무릉도원처럼 안락하고 풍족하다고 전해지나, 실제 상황은 외부인에게 알려지지 않았습니다.\n\n &lt;size=28 &gt;【비고】 &lt;/size &gt;\n비고의 선조는 육오이며, 수족 토류에 속합니다.\n비고는 백적 부족의 일원으로 주로 연조 접경 지역에서 활동하며, 대국들 사이의 틈바구니에서 힘겹게 생존하고 있습니다. 부족원 수가 많아 단결하여 하나의 국가를 이루고 있습니다.\n비고 부족은 개체의 능력은 약하고 수명도 길지 않지만, 가족 관념이 강하여 생존과 농사를 위해 인구 번식에 매우 힘씁니다. 은닉과 굴 파기에 능하여 작은 성채들을 지어 외적을 방어하며, 비고 부족의 지하에는 또 다른 천지가 있어 부족 전체가 숨을 수 있습니다. 비고 부족은 약속과 신의를 중시하고 규칙과 도의를 준수하며, 아랫사람은 윗사람을 매우 공경합니다.\n보통 매우 단결하여 명령에 잘 따르며, 국왕의 지휘 하에서만 거주지를 떠납니다. 소수의 반역자들만이 중원의 전쟁에 참여합니다. 그 작풍이 신뢰할 수 있고 성실하기 때문에 제국들은 자주 비고국 사람들을 고용하여 전투나 노역에 투입합니다.\n\n &lt;size=28 &gt;【고락】 &lt;/size &gt;\n고락의 선조는 폐안이며, 수족 묘류에 속합니다. 위나라가 황족과 혈맥적 연관이 있습니다.\n탁록지전 이후 산속으로 물러나 흩어져 살다가, 예주 요산/노산에 성채를 세우니 이것이 고락국입니다. 또 다른 한 갈래는 기주로 이주하여 동산고락이 되었습니다.\n그들은 생산 활동에 종사하지 않기 때문에 대부분 붙잡은 포로를 사용하여 생산을 진행합니다. 각 소혈족의 가주들이 의회를 형성하여 겉으로는 평등한 투표로 사안을 논의하는 듯하나, 세력이 강한 소혈족이 더 높은 발언권을 가집니다. 그중에서도 백고를 귀하게 여기며, 흑고는 무예가 뛰어난 수호 대중입니다.\n고락은 제국 사이에서 활동하며 주로 용병으로서 잠입 첩보나 기습 업무를 수행합니다. 비적질로 생계를 잇는 부족원도 적지 않습니다.\n의심이 많고 예민하여 타인을 잘 믿지 못하고, 상업에 종사하는 경우가 극히 드물며 탈것에 타는 것도 꺼려 문명 발달이 제한적입니다.\n\n &lt;size=28 &gt;【시위】 &lt;/size &gt;\n시위의 선조는 병봉이며, 수족 저류에 속합니다.\n시위는 상고 하국가 시기의 중요한 가맹국이었습니다. 탁록지전에서 치우 부대로부터 투항했습니다. 상고 전쟁의 승리에 큰 공을 세웠습니다.\n시위 부족은 중원 중심부에서 생활하며 농경이 발달했고 가축 사육 기술을 보유하고 있으며, 민속 습속이 중원 각국과 비슷합니다.\n시위의 사회 조직은 중원 제국과 유사하지만, 부족원들은 과거 혼돈에 맞서 싸운 전공이 혁혁하다는 자부심에 빠져 오만하고 부패했음을 인정하지 않습니다. 이로 인해 기술과 제도의 발전이 낙후되었습니다. 시위나라 사람들은 먹고 놀기만 좋아하며, 많은 원시적인 악습이 보입니다.\n시위 국왕은 자주 주변 제국의 전쟁에 개입하여 이득을 취하는데, 표리부동하며 남의 위기를 틈타 제국들의 적대감을 사면서도 스스로는 영리하다고 여깁니다.\n\n &lt;size=28 &gt;【구리】 &lt;/size &gt;\n구리의 선조는 비이며, 수족 우류에 속합니다.\n구리족은 상고 동이 집단의 후예로, 황하 하류와 장강 중하류 사이에서 활동하며 중원 문명을 적대시하는 가장 강력한 이족 왕국입니다.\n구리는 농경 문명으로 경작과 제련 기술이 발달했으며, 부족원들은 대부분 부지런하고 고생을 마다하지 않아 부족의 생산력이 화하에 뒤처지지 않습니다.\n구리 부족원들은 대부분 충직하고 성실하며 자족할 줄 알고 명령에 잘 따릅니다. 구리 왕의 통치는 고도로 집권화되고 안정적이며, 구조가 긴밀하고 군사화 정도가 매우 높은 단일 왕국을 형성했습니다. 또한 국왕을 반신으로 숭배하며 치우의 후예라 여기고, 화하 정권을 적대시합니다.\n\n &lt;size=28 &gt;【의거】 &lt;/size &gt;\n의거의 선조는 영초이며, 수족 마류에 속합니다. 진나라가 황족과 혈맥적 연관이 있습니다.\n본래 의거국을 세웠으나 이후 진나라가에 병탄되었습니다. 그러나 진나라가 사람들에게 차별을 받아 융화되지 못하고, 여전히 의거성 밖에 여러 부족을 형성하여 원래의 유목 생활을 유지하고 있습니다. 또한 자주 제국들의 포섭 대상이 되어 진나라가 내부의 반동 세력이 되기도 합니다.\n의거 부족은 수초를 따라 옮겨 다니며 거주하는데, 이동력과 인내심이 강해 혼자서도 여행용 천막을 등에 짊어질 수 있어 군사 배치 면에서 절대적인 우위를 점하며 기동 행군이 가능합니다.\n의거 부족은 유목 생활을 하기에 많은 물자를 화하족과의 거래에 의존해야 하지만, 본래 자유를 좋아하여 부림을 당하는 것을 견디지 못하고 화하족의 통치에 잘 복종하지 않습니다. 그러나 그들의 목초지 생활 공간이 화하족에 의해 계속 압박받으면서, 부족은 자주 용병 형태로 전쟁에 참여하여 보급과 생활 터전을 확보하려 합니다.\n	수많은 이족들이 주 왕실의 쇠락을 틈타 굴기하여 앞다투어 자신의 국가를 세웠으며, 칠웅이 천하를 병탄하는 과정에서 그들은 조력자가 되기도 하고 걸림돌이 되기도 하며 어느 정도 화하 대륙 전체의 국면에 영향을 미쳤습니다.\n화하족과 이족은 선조의 혈맥상 떼려야 뗄 수 없는 연관성을 지닌 경우가 많으며, 대대로 이어지는 분쟁과 왕래 속에서 문화적으로도 서로 꽤 깊은 영향을 주고받았습니다.\n\n &lt;size=28 &gt;【선비】 &lt;/size &gt;\n선비의 선조는 이즉이며, 수족 웅류에 속합니다.\n선비는 동호 부족의 일원으로 유주 북부에서 활동하며, 자주 중원과 충돌했습니다.\n선비는 전투력이 강한 자를 가주로 추대하지만, 혈족 간에 서로 인정하기 어려워 자주 끊임없이 다투고 결집하지 못해 문명이 낙후되었습니다. 대외적으로도 자주 화하족과 충돌했습니다. 부족원들의 호전적이고 잔포한 본성은 그들을 자주 혼돈의 도에 빠지게 했습니다.\n선비족은 술을 즐기고 어업과 사냥을 생업으로 삼으며, 생산 조직 방식은 비교적 낙후되어 있습니다. 전투력이 월등히 뛰어나기 때문에 많은 선비족 사람들이 중원 제국에서 중용되거나 융화되기도 합니다.\n\n &lt;size=28 &gt;【도하】 &lt;/size &gt;\n도하의 선조는 애자이며, 수족 낭류에 속합니다. 연나라가 황족과 어느 정도 혈맥적 연관이 있습니다.\n도하는 동호 부족의 일원으로 연나라가 북부, 중원의 농경 문명과 초원의 유목 문명이 교차하는 지대에서 활동하며 자주 남하하여 연조 접경 지역을 약탈했습니다.\n도하족은 엄격하고 잔혹한 계급 통치 제도를 가지고 있으며, 우두머리 늑대를 필두로 늑대 무리에게 명령을 내리듯 화하족을 능가하는 조직력을 보유하고 있으며 전술과 무술이 모두 발달했습니다.\n그러나 계급 분배의 불균형과 잔혹한 통치로 인해 도하족은 행동 시에는 엄밀한 조직력을 보이지만, 비전시에는 정변이 빈번하게 일어납니다. 하극상은 거의 모든 도하 부족원들의 암묵적인 목표입니다.\n도하족은 생산 활동을 즐기지 않으며, 타 부족을 노예로 삼거나 부족원들을 조직해 빈번히 남하하여 약탈하는 것에 크게 의존해 생계를 유지합니다.\n\n &lt;size=28 &gt;【누번】 &lt;/size &gt;\n누번의 선조는 악작이며, 조족 응류에 속합니다. 초나라가 황족과 혈맥적 연관이 있습니다.\n누번은 조나라가 북서부 황무지에서 활동하는 융적 부족입니다. 여러 차례 남하하여 제국 간의 전쟁에 개입하기도 했습니다. 국가 체제는 갖추지 않았습니다.\n누번 사람들은 인적이 드문 높은 산과 깊은 계곡 지대에 살며 외부와의 연락이 많지 않습니다. 세습되는 무의를 우두머리로 삼고 자연 및 신령과의 연결을 중시하며, 덕행과 품격을 생명보다 소중히 여깁니다. 윤회전생을 믿고 정의를 중시하며 악인과 혼돈을 처단하는 것을 자신의 소임으로 여깁니다.\n누번 군대의 강력한 전투력과 기동성은 중원 각국과 각 부족이 대적하기 어렵습니다. 중원 제국에 폭정, 약육강식 또는 혼돈의 침입이 발생하면 누번이 자발적으로 개입할 수 있어, 중원 국가들은 그들을 경외하면서도 두려워합니다.\n\n &lt;size=28 &gt;【청구】 &lt;/size &gt;\n청구의 선조는 구미이며, 수족 호류에 속합니다.\n청구는 동이 부족의 일원으로, 주로 제초 접경 지대의 깊은 산속 밀림에서 활동하여 사람들에게 거의 발견되지 않습니다. 또한 술법로 마을의 출입구를 은폐하여 보호합니다.\n청구는 원시적인 모계 사회로 둔갑, 점복, 직조 및 술법에 능합니다. 평소에는 수족의 형상으로 나타나지 않고 화하족의 시정에 잠복해 있으며, 일반적으로 세상과 다투지 않습니다. 그들의 생활은 무릉도원처럼 안락하고 풍족하다고 전해지나, 실제 상황은 외부인에게 알려지지 않았습니다.\n\n &lt;size=28 &gt;【비고】 &lt;/size &gt;\n비고의 선조는 육오이며, 수족 토류에 속합니다.\n비고는 백적 부족의 일원으로 주로 연조 접경 지역에서 활동하며, 대국들 사이의 틈바구니에서 힘겹게 생존하고 있습니다. 부족원 수가 많아 단결하여 하나의 국가를 이루고 있습니다.\n비고 부족은 개체의 능력은 약하고 수명도 길지 않지만, 가족 관념이 강하여 생존과 농사를 위해 인구 번식에 매우 힘씁니다. 은닉과 굴 파기에 능하여 작은 성채들을 지어 외적을 방어하며, 비고 부족의 지하에는 또 다른 천지가 있어 부족 전체가 숨을 수 있습니다. 비고 부족은 약속과 신의를 중시하고 규칙과 도의를 준수하며, 아랫사람은 윗사람을 매우 공경합니다.\n보통 매우 단결하여 명령에 잘 따르며, 국왕의 지휘 하에서만 거주지를 떠납니다. 소수의 반역자들만이 중원의 전쟁에 참여합니다. 그 작풍이 신뢰할 수 있고 성실하기 때문에 제국들은 자주 비고국 사람들을 고용하여 전투나 노역에 투입합니다.\n\n &lt;size=28 &gt;【고락】 &lt;/size &gt;\n고락의 선조는 폐안이며, 수족 묘류에 속합니다. 위나라가 황족과 혈맥적 연관이 있습니다.\n탁록지전 이후 산속으로 물러나 흩어져 살다가, 예주 요산/노산에 성채를 세우니 이것이 고락국입니다. 또 다른 한 갈래는 기주로 이주하여 동산고락이 되었습니다.\n그들은 생산 활동에 종사하지 않기 때문에 대부분 붙잡은 포로를 사용하여 생산을 진행합니다. 각 소혈족의 가주들이 의회를 형성하여 겉으로는 평등한 투표로 사안을 논의하는 듯하나, 세력이 강한 소혈족이 더 높은 발언권을 가집니다. 그중에서도 백고를 귀하게 여기며, 흑고는 무예가 뛰어난 수호 대중입니다.\n고락은 제국 사이에서 활동하며 주로 용병으로서 잠입 첩보나 기습 업무를 수행합니다. 비적질로 생계를 잇는 부족원도 적지 않습니다.\n의심이 많고 예민하여 타인을 잘 믿지 못하고, 상업에 종사하는 경우가 극히 드물며 탈것에 타는 것도 꺼려 문명 발달이 제한적입니다.\n\n &lt;size=28 &gt;【시위】 &lt;/size &gt;\n시위의 선조는 병봉이며, 수족 저류에 속합니다.\n시위는 상고 하국가 시기의 중요한 가맹국이었습니다. 탁록지전에서 치우 부대로부터 투항했습니다. 상고 전쟁의 승리에 큰 공을 세웠습니다.\n시위 부족은 중원 중심부에서 생활하며 농경이 발달했고 가축 사육 기술을 보유하고 있으며, 민속 습속이 중원 각국과 비슷합니다.\n시위의 사회 조직은 중원 제국과 유사하지만, 부족원들은 과거 혼돈에 맞서 싸운 전공이 혁혁하다는 자부심에 빠져 오만하고 부패했음을 인정하지 않습니다. 이로 인해 기술과 제도의 발전이 낙후되었습니다. 시위나라 사람들은 먹고 놀기만 좋아하며, 많은 원시적인 악습이 보입니다.\n시위 국왕은 자주 주변 제국의 전쟁에 개입하여 이득을 취하는데, 표리부동하며 남의 위기를 틈타 제국들의 적대감을 사면서도 스스로는 영리하다고 여깁니다.\n\n &lt;size=28 &gt;【구리】 &lt;/size &gt;\n구리의 선조는 비이며, 수족 우류에 속합니다.\n구리족은 상고 동이 집단의 후예로, 황하 하류와 장강 중하류 사이에서 활동하며 중원 문명을 적대시하는 가장 강력한 이족 왕국입니다.\n구리는 농경 문명으로 경작과 제련 기술이 발달했으며, 부족원들은 대부분 부지런하고 고생을 마다하지 않아 부족의 생산력이 화하에 뒤처지지 않습니다.\n구리 부족원들은 대부분 충직하고 성실하며 자족할 줄 알고 명령에 잘 따릅니다. 구리 왕의 통치는 고도로 집권화되고 안정적이며, 구조가 긴밀하고 군사화 정도가 매우 높은 단일 왕국을 형성했습니다. 또한 국왕을 반신으로 숭배하며 치우의 후예라 여기고, 화하 정권을 적대시합니다.\n\n &lt;size=28 &gt;【의거】 &lt;/size &gt;\n의거의 선조는 영초이며, 수족 마류에 속합니다. 진나라가 황족과 혈맥적 연관이 있습니다.\n본래 의거국을 세웠으나 이후 진나라가에 병탄되었습니다. 그러나 진나라가 사람들에게 차별을 받아 융화되지 못하고, 여전히 의거성 밖에 여러 부족을 형성하여 원래의 유목 생활을 유지하고 있습니다. 또한 자주 제국들의 포섭 대상이 되어 진나라가 내부의 반동 세력이 되기도 합니다.\n의거 부족은 수초를 따라 옮겨 다니며 거주하는데, 이동력과 인내심이 강해 혼자서도 여행용 천막을 등에 짊어질 수 있어 군사 배치 면에서 절대적인 우위를 점하며 기동 행군이 가능합니다.\n의거 부족은 유목 생활을 하기에 많은 물자를 화하족과의 거래에 의존해야 하지만, 본래 자유를 좋아하여 부림을 당하는 것을 견디지 못하고 화하족의 통치에 잘 복종하지 않습니다. 그러나 그들의 목초지 생활 공간이 화하족에 의해 계속 압박받으면서, 부족은 자주 용병 형태로 전쟁에 참여하여 보급과 생활 터전을 확보하려 합니다.\n
dueum_law_20260505	t_language.xml	832101	不会获得【醉酒】类特性	【취주】류 특성을 획득하지 않습니다	【취주】유 특성을 획득하지 않습니다
dueum_law_20260505	t_language.xml	860010	\n通过与采集物 &lt;color=#005AE1 &gt;交互（按键F） &lt;/color &gt;即可开始采集资源\n\n消耗主角的 &lt;color=#005AE1 &gt;{ref=103017} &lt;/color &gt;，与资源对应属性高低有关：属性越高，消耗越少\n矿石类： &lt;color=#005AE1 &gt;{ref=103003} &lt;/color &gt;；粮食作物类： &lt;color=#005AE1 &gt;{ref=103002} &lt;/color &gt;；{ref=114005}类： &lt;color=#005AE1 &gt;{ref=103004} &lt;/color &gt;；\n药材类： &lt;color=#005AE1 &gt;{ref=103011} &lt;/color &gt;；树木类： &lt;color=#005AE1 &gt;{ref=103010} &lt;/color &gt;；织物类： &lt;color=#005AE1 &gt;{ref=103012} &lt;/color &gt;；\n\n当提示文本显示为红色时，代表属性值过低，将会消耗更多的 &lt;color=#005AE1 &gt;{ref=103017} &lt;/color &gt;	\n채집물과 &lt;color=#005AE1 &gt;상호작용(F키) &lt;/color &gt;을 통해 자원 채집을 시작할 수 있습니다.\n\n주인공의 &lt;color=#005AE1 &gt;{ref=103017} &lt;/color &gt;을 소모하며, 자원에 대응하는 능력치 수치와 관련이 있습니다. 능력치가 높을수록 소모량이 적어집니다.\n광석류: &lt;color=#005AE1 &gt;{ref=103003} &lt;/color &gt;, 식량 작물류: &lt;color=#005AE1 &gt;{ref=103002} &lt;/color &gt;, {ref=114005}류: &lt;color=#005AE1 &gt;{ref=103004} &lt;/color &gt;,\n약재류: &lt;color=#005AE1 &gt;{ref=103011} &lt;/color &gt;, 수목류: &lt;color=#005AE1 &gt;{ref=103010} &lt;/color &gt;, 직물류: &lt;color=#005AE1 &gt;{ref=103012} &lt;/color &gt;.\n\n안내 문구가 붉은색으로 표시될 때는 능력치 수치가 너무 낮음을 의미하며, 더 많은 &lt;color=#005AE1 &gt;{ref=103017} &lt;/color &gt;을 소모하게 됩니다.	\n채집물과 &lt;color=#005AE1 &gt;상호작용(F키) &lt;/color &gt;을 통해 자원 채집을 시작할 수 있습니다.\n\n주인공의 &lt;color=#005AE1 &gt;{ref=103017} &lt;/color &gt;을 소모하며, 자원에 대응하는 능력치 수치와 관련이 있습니다. 능력치가 높을수록 소모량이 적어집니다.\n광석유: &lt;color=#005AE1 &gt;{ref=103003} &lt;/color &gt;, 식량 작물류: &lt;color=#005AE1 &gt;{ref=103002} &lt;/color &gt;, {ref=114005}류: &lt;color=#005AE1 &gt;{ref=103004} &lt;/color &gt;,\n약재류: &lt;color=#005AE1 &gt;{ref=103011} &lt;/color &gt;, 수목류: &lt;color=#005AE1 &gt;{ref=103010} &lt;/color &gt;, 직물류: &lt;color=#005AE1 &gt;{ref=103012} &lt;/color &gt;.\n\n안내 문구가 붉은색으로 표시될 때는 능력치 수치가 너무 낮음을 의미하며, 더 많은 &lt;color=#005AE1 &gt;{ref=103017} &lt;/color &gt;을 소모하게 됩니다.
dueum_law_20260505	t_language.xml	860011	\n采集完成后，可获得对应类型的经验、 &lt;color=#005AE1 &gt;技艺 &lt;/color &gt;经验和资源 &lt;color=#005AE1 &gt;道具 &lt;/color &gt;\n\n矿物类： &lt;color=#005AE1 &gt;{ref=114004} &lt;/color &gt;；石材类： &lt;color=#005AE1 &gt;{ref=114003} &lt;/color &gt;；粮食作物类： &lt;color=#005AE1 &gt;{ref=114001} &lt;/color &gt;；{ref=114005}类： &lt;color=#005AE1 &gt;{ref=114005} &lt;/color &gt;；\n\n药材类： &lt;color=#005AE1 &gt;{ref=114011} &lt;/color &gt;；树木类： &lt;color=#005AE1 &gt;{ref=114010} &lt;/color &gt;；织物类： &lt;color=#005AE1 &gt;{ref=114008} &lt;/color &gt;；	\n채집이 완료되면 대응하는 유형의 경험치, &lt;color=#005AE1 &gt;기예 &lt;/color &gt; 경험치 및 자원 &lt;color=#005AE1 &gt;도구 &lt;/color &gt;늘 획득할 수 있습니다.\n\n광물류: &lt;color=#005AE1 &gt;{ref=114004} &lt;/color &gt;, 석재류: &lt;color=#005AE1 &gt;{ref=114003} &lt;/color &gt;, 식량 작물류: &lt;color=#005AE1 &gt;{ref=114001} &lt;/color &gt;, {ref=114005}류: &lt;color=#005AE1 &gt;{ref=114005} &lt;/color &gt;,\n\n약재류: &lt;color=#005AE1 &gt;{ref=114011} &lt;/color &gt;, 수목류: &lt;color=#005AE1 &gt;{ref=114010} &lt;/color &gt;, 직물류: &lt;color=#005AE1 &gt;{ref=114008} &lt;/color &gt;.	\n채집이 완료되면 대응하는 유형의 경험치, &lt;color=#005AE1 &gt;기예 &lt;/color &gt; 경험치 및 자원 &lt;color=#005AE1 &gt;도구 &lt;/color &gt;늘 획득할 수 있습니다.\n\n광물유: &lt;color=#005AE1 &gt;{ref=114004} &lt;/color &gt;, 석재류: &lt;color=#005AE1 &gt;{ref=114003} &lt;/color &gt;, 식량 작물류: &lt;color=#005AE1 &gt;{ref=114001} &lt;/color &gt;, {ref=114005}류: &lt;color=#005AE1 &gt;{ref=114005} &lt;/color &gt;,\n\n약재류: &lt;color=#005AE1 &gt;{ref=114011} &lt;/color &gt;, 수목류: &lt;color=#005AE1 &gt;{ref=114010} &lt;/color &gt;, 직물류: &lt;color=#005AE1 &gt;{ref=114008} &lt;/color &gt;.
dueum_law_20260505	t_language.xml	910119	诗经·鲁颂	시경·로송	시경·노송
dueum_law_20260505	t_language.xml	910301	礼记·曲礼	례기·곡례	예기·곡례
dueum_law_20260505	t_language.xml	910302	礼记·大学	례기·대학	예기·대학
dueum_law_20260505	t_language.xml	910303	礼记·中庸	례기·중용	예기·중용
dueum_law_20260505	t_language.xml	910601	孟子·梁惠王	맹자·량혜왕	맹자·양혜왕
dueum_law_20260505	t_language.xml	910925	墨子·鲁问	묵자·로문	묵자·노문
dueum_law_20260505	t_language.xml	911204	列子·仲尼	렬자·중니	열자·중니
dueum_law_20260505	t_language.xml	911205	列子·汤问	렬자·탕문	열자·탕문
dueum_law_20260505	t_language.xml	911206	列子·力命	열자·력명	열자·역명
dueum_law_20260505	t_language.xml	911207	列子·杨朱	렬자·양주	열자·양주
dueum_law_20260505	t_language.xml	911208	列子·说符	렬자·설부	열자·설부
dueum_law_20260505	t_language.xml	911311	商君书·立本	상군서·립본	상군서·입본
dueum_law_20260505	t_language.xml	911315	商君书·徕民	상군서·래민	상군서·내민
dueum_law_20260505	t_language.xml	911401	六韬·豹	륙도·표	육도·표
dueum_law_20260505	t_language.xml	911402	六韬·犬	륙도·견	육도·견
dueum_law_20260505	t_language.xml	911403	六韬·龙	육도·룡	육도·용
dueum_law_20260505	t_language.xml	911404	六韬·虎	륙도·호	육도·호
dueum_law_20260505	t_language.xml	911405	六韬·文	륙도·문	육도·문
dueum_law_20260505	t_language.xml	911406	六韬·武	륙도·무	육도·무
dueum_law_20260505	t_language.xml	911802	吴子·料敌	오자·료적	오자·요적
dueum_law_20260505	t_language.xml	911804	吴子·论将	오자·론장	오자·논장
dueum_law_20260505	t_language.xml	911806	吴子·励士	오자·려사	오자·여사
dueum_law_20260505	t_language.xml	911908	尉缭子·令法	위료자·령법	위료자·영법
dueum_law_20260505	t_language.xml	912602	黄帝内经·灵枢	황제내경·령추	황제내경·영추
dueum_law_20260505	t_language.xml	921806	 &lt;link=11_10821 &gt; &lt;color=#005AE1 &gt;《吴子》 &lt;/color &gt; &lt;/link &gt;·励士篇\n{ref=970000}{ref=970002}，{ref=970028}	&lt;link=11_10821 &gt; &lt;color=#005AE1 &gt;《오자》 &lt;/color &gt; &lt;/link &gt;·려사편\n{ref=970000}{ref=970002}，{ref=970028}	&lt;link=11_10821 &gt; &lt;color=#005AE1 &gt;《오자》 &lt;/color &gt; &lt;/link &gt;·여사편\n{ref=970000}{ref=970002}，{ref=970028}
dueum_law_20260505	t_language.xml	930108	《列子》·力命	《열자》·력명	《열자》·역명
dueum_law_20260505	t_language.xml	930121	《商君书》·立本	《상군서》·립본	《상군서》·입본
dueum_law_20260505	t_language.xml	930125	《商君书》·徕民	《상군서》·래민	《상군서》·내민
dueum_law_20260505	t_language.xml	930137	《六韬》·龙	《육도》·룡	《육도》·용
dueum_law_20260505	t_language.xml	930163	《吴子》·料敌	《오자》·료적	《오자》·요적
dueum_law_20260505	t_language.xml	930165	《吴子》·论将	《오자》·론장	《오자》·논장
dueum_law_20260505	t_language.xml	930167	《吴子》·励士	《오자》·려사	《오자》·여사
dueum_law_20260505	t_language.xml	930175	《尉缭子》·令法	《위료자》·령법	《위료자》·영법
dueum_law_20260505	t_language.xml	940109	卢令令，其人美且仁	사냥개 방울 소리 링링, 그 사람은 아름답고 어질도다	사냥개 방울 소리 잉링, 그 사람은 아름답고 어질도다
dueum_law_20260505	t_language.xml	940139	有车邻邻，有马白颠	수레 소리 린린, 이마 흰 말이 있네	수레 소리 인린, 이마 흰 말이 있네
dueum_law_20260505	t_language.xml	942606	挛夷，芍药也	련이는 작약이다	연이는 작약이다
dueum_law_20260505	t_language.xml	942615	附子一名莨	부자의 다른 이름은 랑이다	부자의 다른 이름은 낭이다
dueum_law_20260505	t_language.xml	942618	一名狼齿，一名狼子，一名犬牙	이름은 낭치, 이름은 랑자, 이름은 견아이다	이름은 낭치, 이름은 낭자, 이름은 견아이다
dueum_law_20260505	t_language.xml	942645	经脉为里，支而横者为络	경맥은 속이 되고, 갈라져 옆으로 가는 것은 락이 된다	경맥은 속이 되고, 갈라져 옆으로 가는 것은 낙이 된다
dueum_law_20260505	t_language.xml	942660	阳络者，阳跷之络也	양락이란 양교의 락이다	양락이란 양교의 낙이다
dueum_law_20260505	t_tasklanguage.xml	820046	原来如此，原来如此，所谓《抡语》，实为武道也！此乃抡语根本，就交予阁下权作答谢了。	과연 그렇구나, 과연 그렇어. 이른바 《윤어》난 사실 무도였구나! 이것이 륜어의 근본이니, 답례로 귀하께 드리겠습니다.	과연 그렇구나, 과연 그렇어. 이른바 《윤어》난 사실 무도였구나! 이것이 윤어의 근본이니, 답례로 귀하께 드리겠습니다.
dueum_law_20260505	t_tasklanguage.xml	6505368	铁...甲裹身空...鲁莽，匹夫斗狠...蛮...力强...	철... 갑을 몸에 둘렀으나 속은... 무모하고, 필부가 독기를 부리니... 만... 력만 강하구나...	철... 갑을 몸에 둘렀으나 속은... 무모하고, 필부가 독기를 부리니... 만... 역만 강하구나...
unit_name_list_20260506	t_language.xml	217078	雪境猎熊者	설경 엽웅자	설원 곰사냥꾼
